Department,Course Number,Instructor,Term,Enroll,Evals Made,Rcmnd Class,Rcmnd Instr,Study Hrs/wk,Avg Grade Expected,Avg Grade Received
ECE,ECE 100 ,"Abd El-Messih, Andrew Saad",WI19,43,40,76.9,74.4,9.0,3.16,2.79
ECE,ECE 100 ,"Coles, William A.",FA09,57,39,68.4,47.4,7.22,3.11,2.18
ECE,ECE 100 ,"Cruz, Rene L",WI13,77,38,80.0,31.4,10.03,3.0,2.68
ECE,ECE 100 ,"Kante, Boubacar",WI14,52,24,63.6,22.7,8.05,3.1,2.54
ECE,ECE 100 ,"Kante, Boubacar",WI15,101,75,90.5,89.2,9.05,3.2,2.65
ECE,ECE 100 ,"Kante, Boubacar",WI16,86,73,88.9,83.3,8.56,3.03,2.45
ECE,ECE 100 ,"Kante, Boubacar",WI17,40,33,93.9,100.0,8.02,2.97,2.95
ECE,ECE 100 ,"Kante, Boubacar",WI18,53,38,83.8,91.9,9.36,3.11,3.19
ECE,ECE 100 ,"Larson, Lawrence E.",FA10,79,39,97.4,100.0,7.55,3.55,2.94
ECE,ECE 100 ,"Larson, Lawrence E.",WI10,70,35,94.3,100.0,8.09,3.43,2.47
ECE,ECE 100 ,"Sievenpiper, Daniel F.",FA11,95,62,90.3,77.4,12.92,3.2,2.68
ECE,ECE 100 ,"Sievenpiper, Daniel F.",FA12,91,45,87.8,85.4,9.67,3.32,2.47
ECE,ECE 100 ,"Sievenpiper, Daniel F.",FA13,141,128,95.3,85.0,10.29,3.13,2.49
ECE,ECE 100 ,"Sievenpiper, Daniel F.",FA14,227,61,100.0,78.2,9.34,3.09,2.43
ECE,ECE 100 ,"Sievenpiper, Daniel F.",FA15,244,195,94.8,86.5,9.21,3.13,3.09
ECE,ECE 100 ,"Sievenpiper, Daniel F.",FA17,133,62,96.6,96.4,9.14,3.1,2.72
ECE,ECE 100 ,"Sievenpiper, Daniel F.",FA18,142,100,98.0,96.0,9.77,3.11,2.57
ECE,ECE 101 ,"Alcantara, Eldridge Escubido",S115,77,75,97.3,96.0,11.17,3.44,3.19
ECE,ECE 101 ,"Baghdadchi, Saharnaz",S216,72,54,98.1,98.1,10.58,3.2,2.77
ECE,ECE 101 ,"Baghdadchi, Saharnaz",S218,50,42,82.9,90.2,9.26,3.12,2.63
ECE,ECE 101 ,"Baghdadchi, Saharnaz",SP19,113,99,83.3,84.2,6.99,3.14,2.87
ECE,ECE 101 ,"Baghdadchi, Saharnaz",WI18,87,72,94.4,93.0,6.94,3.24,2.64
ECE,ECE 101 ,"Chan, Ho",S211,50,18,94.4,88.9,9.39,3.35,3.09
ECE,ECE 101 ,"Connelly, Joseph Michael",S117,95,76,82.9,93.3,11.37,2.85,2.51
ECE,ECE 101 ,"Quest, Kevin B",FA11,89,37,83.8,86.5,8.83,3.17,2.62
ECE,ECE 101 ,"Quest, Kevin B",FA12,95,20,94.1,100.0,9.44,3.47,2.39
ECE,ECE 101 ,"Quest, Kevin B",FA15,211,75,75.0,69.1,8.87,2.84,2.35
ECE,ECE 101 ,"Quest, Kevin B",S112,37,10,90.0,100.0,12.9,3.3,2.55
ECE,ECE 101 ,"Quest, Kevin B",S113,86,22,86.4,90.9,9.95,3.09,2.54
ECE,ECE 101 ,"Quest, Kevin B",S114,82,14,90.9,81.8,14.14,3.1,2.61
ECE,ECE 101 ,"Quest, Kevin B",S116,52,6,80.0,80.0,9.3,2.75,2.24
ECE,ECE 101 ,"Quest, Kevin B",S215,77,12,90.9,100.0,9.23,3.7,2.67
ECE,ECE 101 ,"Quest, Kevin B",WI09,52,18,88.9,77.8,6.06,3.44,2.45
ECE,ECE 101 ,"Quest, Kevin B",WI10,53,21,85.7,75.0,6.79,3.4,2.39
ECE,ECE 101 ,"Quest, Kevin B",WI11,70,25,84.0,92.0,7.94,2.96,2.59
ECE,ECE 101 ,"Quest, Kevin B",WI15,138,53,84.6,82.7,8.54,2.92,2.71
ECE,ECE 101 ,"Quest, Kevin B",WI17,105,38,77.4,87.1,7.81,2.94,2.38
ECE,ECE 101 ,"Siegel, Paul H.",FA08,108,66,90.6,91.9,9.41,3.08,2.65
ECE,ECE 101 ,"Siegel, Paul H.",FA09,56,28,78.6,100.0,7.93,3.15,2.79
ECE,ECE 101 ,"Siegel, Paul H.",FA10,108,42,92.9,92.9,7.07,3.25,2.53
ECE,ECE 101 ,"Siegel, Paul H.",FA13,158,89,94.2,96.5,8.59,3.3,2.52
ECE,ECE 101 ,"Siegel, Paul H.",FA14,207,76,91.5,97.2,7.88,3.13,2.63
ECE,ECE 101 ,"Siegel, Paul H.",FA16,207,104,83.2,94.7,7.86,2.92,2.44
ECE,ECE 101 ,"Siegel, Paul H.",FA17,178,119,85.5,99.1,8.19,2.95,2.48
ECE,ECE 101 ,"Siegel, Paul H.",FA18,127,84,89.0,95.1,7.89,3.17,3.02
ECE,ECE 101 ,"Siegel, Paul H.",WI08,65,42,95.2,100.0,7.83,3.4,2.5
ECE,ECE 101 ,"Siegel, Paul H.",WI12,68,38,86.8,94.7,9.26,3.28,2.72
ECE,ECE 101 ,"Siegel, Paul H.",WI13,76,30,82.8,89.7,9.31,2.88,2.55
ECE,ECE 101 ,"Siegel, Paul H.",WI16,155,69,89.1,95.3,8.18,3.1,2.49
ECE,ECE 101 ,"Touri, Behrouz",SP18,146,65,80.3,86.9,7.7,3.18,2.97
ECE,ECE 101 ,"Touri, Behrouz",WI19,57,38,86.1,94.4,7.09,3.25,3.34
ECE,ECE 101 ,"Vardy, Alexander",FA07,98,65,79.4,79.0,7.83,3.0,2.85
ECE,ECE 101 ,"Vardy, Alexander",WI14,104,37,75.0,81.3,8.5,3.2,2.62
ECE,ECE 102 ,"Groe, John",FA10,78,37,75.7,45.9,12.5,3.06,2.49
ECE,ECE 102 ,"Groe, John",SP12,59,23,91.3,65.2,11.11,3.13,2.08
ECE,ECE 102 ,"Hall, Drew A.",FA13,64,41,94.9,92.3,12.81,3.08,2.73
ECE,ECE 102 ,"Hall, Drew A.",FA14,66,33,93.8,96.9,9.98,3.33,2.56
ECE,ECE 102 ,"Hall, Drew A.",FA18,54,23,82.6,90.9,12.24,2.83,2.71
ECE,ECE 102 ,"Hall, Drew A.",SP13,76,32,96.9,90.6,9.94,3.21,2.93
ECE,ECE 102 ,"Hall, Drew A.",WI14,63,30,96.6,93.1,11.4,3.28,2.61
ECE,ECE 102 ,"Hall, Drew A.",WI15,150,65,93.5,96.8,11.29,3.17,2.58
ECE,ECE 102 ,"Hall, Drew A.",WI16,220,102,84.0,86.2,12.94,2.9,2.56
ECE,ECE 102 ,"Hall, Drew A.",WI17,179,97,76.8,91.6,12.09,2.83,2.7
ECE,ECE 102 ,"Hsueh, Tzu-Chien",WI19,65,22,88.9,77.8,9.87,3.05,3.0
ECE,ECE 102 ,"Larson, Lawrence E.",FA07,108,60,89.3,98.2,8.96,3.12,2.04
ECE,ECE 102 ,"Larson, Lawrence E.",FA08,101,55,88.9,90.7,8.5,3.09,2.54
ECE,ECE 102 ,"Najmabadi, Farrokh",FA11,88,36,97.2,91.7,9.39,3.24,2.67
ECE,ECE 102 ,"Najmabadi, Farrokh",FA12,126,47,88.6,97.7,7.32,3.33,2.55
ECE,ECE 102 ,"Najmabadi, Farrokh",WI10,81,28,89.3,78.6,7.76,2.96,2.17
ECE,ECE 102 ,"Najmabadi, Farrokh",WI11,102,33,80.6,93.8,7.05,2.94,2.45
ECE,ECE 102 ,"Schurgers, Curt",FA09,72,42,87.8,80.5,7.82,3.05,2.22
ECE,ECE 102 ,"Schurgers, Curt",FA17,51,36,85.3,94.1,11.15,2.85,2.13
ECE,ECE 102 ,"Schurgers, Curt",WI08,50,31,83.3,90.3,10.31,3.15,2.21
ECE,ECE 102 ,"Schurgers, Curt",WI09,49,32,87.5,87.5,9.06,2.84,1.98
ECE,ECE 103 ,"Dayeh, Shadi Ahmad",FA13,91,48,66.7,75.6,10.05,2.71,2.07
ECE,ECE 103 ,"Dayeh, Shadi Ahmad",WI15,85,39,91.9,100.0,10.33,3.05,3.27
ECE,ECE 103 ,"Kuzum, Duygu",SP16,110,60,82.8,94.8,8.39,3.16,3.09
ECE,ECE 103 ,"Kuzum, Duygu",SP17,67,20,64.7,70.6,6.62,3.18,3.07
ECE,ECE 103 ,"Kuzum, Duygu",SP18,39,18,88.2,100.0,7.79,3.0,3.15
ECE,ECE 103 ,"Kuzum, Duygu",SP19,53,21,94.7,100.0,6.82,3.26,2.89
ECE,ECE 103 ,"Kuzum, Duygu",WI18,27,12,100.0,100.0,8.17,3.42,3.17
ECE,ECE 103 ,"Ng, Tse Nga",FA16,147,61,80.0,80.0,7.9,3.19,2.85
ECE,ECE 103 ,"Ng, Tse Nga",FA17,32,22,81.8,77.3,6.68,3.09,2.97
ECE,ECE 103 ,"Ng, Tse Nga",FA18,42,20,78.9,63.2,8.61,3.44,3.07
ECE,ECE 103 ,"Taur, Yuan",FA09,77,31,83.3,73.3,5.17,3.23,2.76
ECE,ECE 103 ,"Taur, Yuan",FA10,82,34,67.6,70.6,6.97,3.0,2.76
ECE,ECE 103 ,"Taur, Yuan",FA11,71,36,80.0,60.0,9.47,3.32,2.87
ECE,ECE 103 ,"Tu, Charles",FA07,39,26,61.5,40.0,7.5,2.88,2.61
ECE,ECE 103 ,"Tu, Charles",FA08,52,46,60.9,71.1,6.98,3.05,2.47
ECE,ECE 103 ,"Tu, Charles",FA12,91,34,73.3,46.7,7.83,3.03,2.46
ECE,ECE 103 ,"Tu, Charles",FA14,194,60,88.2,66.7,8.14,3.24,2.53
ECE,ECE 103 ,"Tu, Charles",FA15,74,52,76.5,72.5,8.42,3.1,2.6
ECE,ECE 103 ,"Tu, Charles",WI13,66,25,82.6,60.9,7.46,3.09,2.62
ECE,ECE 103 ,"Tu, Charles",WI14,103,27,69.2,73.1,8.04,3.15,2.5
ECE,ECE 103 ,"Tu, Charles",WI16,107,72,80.6,65.3,6.87,2.87,2.8
ECE,ECE 103 ,"Tu, Charles",WI17,41,11,36.4,36.4,7.05,3.0,2.8
ECE,ECE 103 ,"Wang, Deli",SP08,57,33,76.7,63.3,7.59,3.27,2.62
ECE,ECE 103 ,"Wang, Deli",WI09,59,43,71.4,38.1,6.92,2.98,2.57
ECE,ECE 103 ,"Wang, Deli",WI10,44,17,70.6,47.1,6.5,3.29,2.84
ECE,ECE 103 ,"Wang, Deli",WI11,67,33,75.8,69.7,8.68,3.21,2.91
ECE,ECE 103 ,"Wang, Deli",WI12,67,25,70.8,62.5,7.17,3.16,2.85
ECE,ECE 107 ,"Fullerton, Eric E",SP08,80,36,91.2,82.4,7.0,3.08,2.74
ECE,ECE 107 ,"Fullerton, Eric E",SP09,66,36,81.8,93.9,7.53,3.18,2.85
ECE,ECE 107 ,"Fullerton, Eric E",SP10,48,29,82.1,96.6,8.78,3.1,2.75
ECE,ECE 107 ,"Fullerton, Eric E",SP11,95,42,75.6,95.1,8.6,2.83,2.46
ECE,ECE 107 ,"Fullerton, Eric E",SP12,67,30,82.1,71.4,9.9,2.87,2.62
ECE,ECE 107 ,"Fullerton, Eric E",SP13,91,27,76.9,84.6,9.58,3.21,2.67
ECE,ECE 107 ,"Fullerton, Eric E",SP14,119,35,78.8,81.8,10.38,2.8,2.6
ECE,ECE 107 ,"Fullerton, Eric E",SP15,183,48,88.4,83.7,9.62,3.03,2.41
ECE,ECE 107 ,"Fullerton, Eric E",SP16,173,50,89.4,93.6,9.45,2.93,2.64
ECE,ECE 107 ,"Fullerton, Eric E",SP17,94,24,68.2,77.3,10.6,2.82,2.43
ECE,ECE 107 ,"Fullerton, Eric E",SP19,104,34,80.0,60.0,10.1,3.0,2.8
ECE,ECE 107 ,"Kante, Boubacar",WI16,89,73,74.6,62.0,7.76,2.62,2.11
ECE,ECE 107 ,"Kante, Boubacar",WI17,32,24,91.7,83.3,7.75,2.75,2.39
ECE,ECE 107 ,"Kante, Boubacar",WI18,53,33,80.6,90.3,7.56,3.03,2.92
ECE,ECE 107 ,"Lomakin, Vitaliy",FA16,50,19,76.5,76.5,8.23,2.93,2.61
ECE,ECE 107 ,"Lomakin, Vitaliy",FA18,49,23,89.5,84.2,7.76,3.16,2.7
ECE,ECE 107 ,"Lomakin, Vitaliy",SP18,75,28,84.0,76.0,9.06,2.87,2.83
ECE,ECE 107 ,"Lomakin, Vitaliy",WI08,54,15,73.3,66.7,7.17,3.31,2.51
ECE,ECE 107 ,"Lomakin, Vitaliy",WI09,54,31,77.4,77.4,6.5,3.43,2.66
ECE,ECE 107 ,"Lomakin, Vitaliy",WI10,43,19,73.7,47.4,6.5,3.16,2.66
ECE,ECE 107 ,"Lomakin, Vitaliy",WI11,45,17,64.7,52.9,8.74,2.8,1.86
ECE,ECE 107 ,"Lomakin, Vitaliy",WI12,64,38,94.7,91.9,9.64,3.46,2.79
ECE,ECE 107 ,"Lomakin, Vitaliy",WI13,83,36,76.5,82.4,9.15,2.82,2.62
ECE,ECE 107 ,"Lomakin, Vitaliy",WI14,93,37,86.1,83.3,7.89,3.21,2.51
ECE,ECE 107 ,"Lomakin, Vitaliy",WI15,109,41,83.8,67.6,8.56,3.05,2.52
ECE,ECE 107 ,"Lomakin, Vitaliy",WI19,45,16,100.0,81.3,8.13,3.19,2.59
ECE,ECE 107 ,"Shevchenko, Valentin I",S117,21,5,75.0,75.0,11.7,3.0,2.84
ECE,ECE 107 ,"Shevchenko, Valentin I",S215,52,8,62.5,37.5,12.5,2.63,2.79
ECE,ECE 107 ,"Shevchenko, Valentin I",S216,83,41,72.5,72.5,10.87,3.05,2.94
ECE,ECE 107 ,"Shevchenko, Valentin I",S218,40,16,73.3,53.3,14.1,2.67,3.1
ECE,ECE 107 ,"Sievenpiper, Daniel F.",SP10,25,13,84.6,91.7,7.27,3.08,2.44
ECE,ECE 108 ,"Esener, Sadik C",SP10,73,40,87.5,80.0,8.25,2.98,2.65
ECE,ECE 108 ,"Esener, Sadik C",WI08,57,43,83.7,58.1,10.13,3.18,2.59
ECE,ECE 108 ,"Esener, Sadik C",WI09,64,52,78.8,75.0,7.62,3.18,2.99
ECE,ECE 108 ,"Esener, Sadik C",WI11,75,33,81.8,66.7,7.65,3.03,2.76
ECE,ECE 108 ,"Esener, Sadik C",WI12,95,52,84.6,71.2,9.83,2.96,2.67
ECE,ECE 108 ,"Esener, Sadik C",WI13,68,33,68.8,59.4,8.95,2.81,2.67
ECE,ECE 108 ,"Mookherjea, Shayan",SP11,74,26,84.0,72.0,9.7,2.91,2.89
ECE,ECE 108 ,"Mookherjea, Shayan",SP12,73,32,81.3,68.8,10.75,3.38,3.19
ECE,ECE 108 ,"Mookherjea, Shayan",SP13,147,71,68.6,42.9,10.01,3.06,2.58
ECE,ECE 108 ,"Mookherjea, Shayan",SP14,63,16,80.0,73.3,7.57,3.4,3.35
ECE,ECE 108 ,"Yun, Kenneth Yi",SP08,59,34,70.6,91.2,8.68,3.03,2.59
ECE,ECE 108 ,"Yun, Kenneth Yi",SP09,73,34,80.6,80.0,8.31,3.03,2.64
ECE,ECE 109 ,"Cruz, Rene L",SP09,126,49,70.2,83.0,4.38,3.6,3.18
ECE,ECE 109 ,"Kim, Minji",S217,49,41,87.5,97.5,11.8,2.8,2.62
ECE,ECE 109 ,"Lugannani, Robert",SP12,202,93,90.2,96.8,7.79,3.42,2.6
ECE,ECE 109 ,"Lugannani, Robert",SP13,205,71,84.5,85.9,5.38,3.39,2.35
ECE,ECE 109 ,"Lugannani, Robert",SP14,331,114,82.2,86.1,6.02,3.35,2.45
ECE,ECE 109 ,"Lugannani, Robert",SP15,212,57,75.0,80.8,6.66,3.19,2.59
ECE,ECE 109 ,"Lugannani, Robert",SP16,292,82,77.3,70.7,6.08,3.21,2.51
ECE,ECE 109 ,"Lugannani, Robert",SP17,296,86,86.4,85.2,5.15,3.44,2.65
ECE,ECE 109 ,"Lugannani, Robert",SP18,261,90,85.1,84.9,5.98,3.42,2.74
ECE,ECE 109 ,"Masnadi-Shirazi, Maryam",S116,84,16,86.7,73.3,7.64,3.64,2.53
ECE,ECE 109 ,"Rao, Ramesh R",WI14,78,20,84.2,84.2,7.72,2.63,2.92
ECE,ECE 109 ,"Vardy, Alexander",SP11,129,77,70.1,90.9,9.03,3.01,2.59
ECE,ECE 109 ,"Vardy, Alexander",WI08,106,77,73.7,94.7,6.94,3.23,2.88
ECE,ECE 109 ,"Vardy, Alexander",WI19,114,46,72.1,83.3,8.31,3.1,2.81
ECE,ECE 109 ,"Zeger, Kenneth A.",FA18,91,37,91.2,91.2,6.84,3.11,2.66
ECE,ECE 109 ,"Zeger, Kenneth A.",SP08,76,55,72.7,90.7,4.76,3.17,2.4
ECE,ECE 109 ,"Zeger, Kenneth A.",SP15,106,36,86.1,83.3,6.63,2.8,2.39
ECE,ECE 109 ,"Zeger, Kenneth A.",SP19,163,54,57.4,76.6,7.39,2.67,2.61
ECE,ECE 109 ,"Zeger, Kenneth A.",WI09,112,76,75.3,88.9,6.2,3.19,2.01
ECE,ECE 109 ,"Zeger, Kenneth A.",WI10,103,32,75.0,90.6,4.38,3.29,2.21
ECE,ECE 109 ,"Zeger, Kenneth A.",WI11,145,56,72.2,68.5,7.45,2.51,2.09
ECE,ECE 109 ,"Zeger, Kenneth A.",WI12,107,46,78.3,89.1,5.57,3.0,2.16
ECE,ECE 109 ,"Zeger, Kenneth A.",WI13,128,37,86.5,81.1,6.39,3.29,2.17
ECE,ECE 109 ,"Zeger, Kenneth A.",WI14,85,31,85.2,77.8,6.98,3.04,2.34
ECE,ECE 109 ,"Zeger, Kenneth A.",WI15,129,44,88.1,81.0,6.5,2.79,2.53
ECE,ECE 109 ,"Zeger, Kenneth A.",WI16,107,46,78.6,78.6,7.32,2.65,2.32
ECE,ECE 109 ,"Zeger, Kenneth A.",WI17,126,47,90.9,93.2,6.31,3.1,2.37
ECE,ECE 109 ,"Zeger, Kenneth A.",WI18,77,30,80.0,86.7,5.77,2.93,2.7
ECE,ECE 111 ,"Bendak, Michael Beshara",WI08,34,18,88.9,83.3,6.94,3.44,3.39
ECE,ECE 111 ,"Dey, Sujit",FA10,21,8,87.5,87.5,13.0,3.75,3.64
ECE,ECE 111 ,"Eldon, John",FA08,23,10,100.0,100.0,6.3,3.8,3.46
ECE,ECE 111 ,"Guest, Clark C",FA11,31,10,80.0,66.7,11.39,3.2,3.42
ECE,ECE 111 ,"Guest, Clark C",FA12,50,15,72.7,27.3,9.23,3.45,3.7
ECE,ECE 111 ,"Guest, Clark C",FA13,65,32,69.0,44.8,11.19,3.65,3.39
ECE,ECE 111 ,"Koushanfar, Farinaz",FA16,110,33,48.4,22.6,8.16,3.1,3.14
ECE,ECE 111 ,"Koushanfar, Farinaz",FA17,46,13,66.7,50.0,8.33,3.17,3.07
ECE,ECE 111 ,"Koushanfar, Farinaz",FA18,42,35,68.6,54.3,8.44,3.4,3.58
ECE,ECE 111 ,"Lin, Bill",SP10,49,25,92.0,92.0,10.26,3.79,3.44
ECE,ECE 111 ,"Lin, Bill",SP11,35,12,83.3,100.0,8.83,3.73,3.43
ECE,ECE 111 ,"Lin, Bill",SP12,54,21,95.2,85.7,8.88,3.62,3.38
ECE,ECE 111 ,"Lin, Bill",SP13,66,13,92.3,100.0,7.5,3.58,3.37
ECE,ECE 111 ,"Lin, Bill",SP14,78,23,100.0,85.7,7.64,3.62,3.26
ECE,ECE 111 ,"Lin, Bill",SP17,150,46,86.1,85.4,8.135,3.51,3.09
ECE,ECE 111 ,"Lin, Bill",SP18,119,29,92.5,95.85,6.415,3.64,3.59
ECE,ECE 111 ,"Lin, Bill",WI15,164,46,91.06666666666666,91.1,11.160000000000002,3.6166666666666667,3.35
ECE,ECE 111 ,"Lin, Bill",WI16,184,49,83.1,81.76666666666667,7.916666666666668,3.283333333333333,3.4
ECE,ECE 111 ,"Lin, Bill",WI17,132,47,91.1,97.85,7.425000000000002,3.48,3.39
ECE,ECE 111 ,"Lin, Bill",WI18,104,33,100.0,100.0,6.165,3.765,3.17
ECE,ECE 111 ,"Lin, Bill",WI19,137,45,84.30000000000003,97.85,6.79,3.395,3.41
ECE,ECE 115 ,"Yip, Michael",SP16,20,16,100.0,100.0,11.75,3.69,3.62
ECE,ECE 115 ,"Yip, Michael",SP18,21,15,100.0,100.0,13.97,3.47,3.68
ECE,ECE 115 ,"Yip, Michael",WI17,21,18,100.0,100.0,13.94,3.59,3.69
ECE,ECE 118 ,"Guest, Clark C",SP08,21,18,94.4,83.3,9.39,3.69,3.01
ECE,ECE 118 ,"Guest, Clark C",SP09,24,20,100.0,100.0,6.9,3.2,3.25
ECE,ECE 118 ,"Guest, Clark C",SP10,24,9,100.0,77.8,7.17,3.22,3.17
ECE,ECE 118 ,"Guest, Clark C",SP11,34,15,100.0,80.0,9.7,2.93,3.0
ECE,ECE 118 ,"Guest, Clark C",SP12,34,16,93.8,87.5,10.0,3.47,3.03
ECE,ECE 118 ,"Guest, Clark C",SP13,38,9,87.5,75.0,9.25,3.63,2.92
ECE,ECE 118 ,"Guest, Clark C",SP14,52,13,91.7,75.0,9.17,3.33,3.11
ECE,ECE 120 ,"Quest, Kevin B",SP10,38,13,75.0,100.0,3.88,3.31,3.23
ECE,ECE 120 ,"Quest, Kevin B",SP11,27,9,100.0,88.9,2.94,3.25,3.26
ECE,ECE 120 ,"Quest, Kevin B",SP12,29,10,66.7,100.0,3.1,3.44,3.08
ECE,ECE 120 ,"Quest, Kevin B",SP13,43,12,91.7,100.0,2.67,3.75,3.29
ECE,ECE 120 ,"Quest, Kevin B",SP14,71,21,100.0,94.7,2.61,3.56,2.85
ECE,ECE 120 ,"Quest, Kevin B",SP16,47,17,100.0,100.0,3.88,3.53,3.09
ECE,ECE 120 ,"Quest, Kevin B",SP17,48,11,80.0,100.0,5.3,3.1,3.12
ECE,ECE 120 ,"Quest, Kevin B",SP18,48,14,100.0,100.0,2.96,3.54,3.27
ECE,ECE 120 ,"Quest, Kevin B",SP19,59,19,94.4,94.4,3.94,3.39,3.36
ECE,ECE 121 ,"Esmaili, Gholamreza",WI16,54,18,93.8,100.0,8.21,3.21,2.75
ECE,ECE 121A ,"Esmaili, Gholamreza",FA16,80,29,100.0,96.6,10.29,3.0,2.87
ECE,ECE 121A ,"Esmaili, Gholamreza",FA17,48,12,100.0,100.0,8.14,3.27,3.02
ECE,ECE 121A ,"Esmaili, Gholamreza",FA18,50,14,100.0,83.3,7.42,3.31,3.2
ECE,ECE 121B ,"Esmaili, Gholamreza",WI17,62,14,100.0,100.0,9.93,3.08,2.95
ECE,ECE 121B ,"Esmaili, Gholamreza",WI18,39,16,93.3,92.9,7.17,3.07,3.08
ECE,ECE 121B ,"Esmaili, Gholamreza",WI19,31,14,100.0,100.0,8.21,3.43,2.97
ECE,ECE 123 ,"Sievenpiper, Daniel F.",SP16,42,16,93.8,93.8,7.38,3.29,2.96
ECE,ECE 123 ,"Sievenpiper, Daniel F.",SP17,52,11,100.0,100.0,6.3,3.8,2.94
ECE,ECE 123 ,"Sievenpiper, Daniel F.",SP18,26,17,100.0,100.0,6.15,3.12,2.9
ECE,ECE 123 ,"Sievenpiper, Daniel F.",SP19,37,15,100.0,100.0,6.81,3.75,3.16
ECE,ECE 125A ,"Asbeck, Peter Michael",WI16,55,17,100.0,64.7,9.83,3.19,3.34
ECE,ECE 125A ,"Asbeck, Peter Michael",WI17,72,14,92.9,78.6,9.12,3.07,2.8
ECE,ECE 125A ,"Esmaili, Gholamreza",WI15,59,17,100.0,100.0,9.97,2.71,2.97
ECE,ECE 125A ,"Esmaili, Gholamreza",WI18,42,12,90.9,100.0,8.14,3.45,3.03
ECE,ECE 125A ,"Esmaili, Gholamreza",WI19,28,9,100.0,100.0,9.17,3.44,3.16
ECE,ECE 125B ,"Esmaili, Gholamreza",SP15,38,13,100.0,100.0,9.95,3.5,3.0
ECE,ECE 125B ,"Esmaili, Gholamreza",SP16,41,12,100.0,100.0,9.41,3.36,3.14
ECE,ECE 125B ,"Esmaili, Gholamreza",SP17,43,6,100.0,100.0,9.3,3.5,3.0
ECE,ECE 125B ,"Esmaili, Gholamreza",SP18,33,9,88.9,100.0,11.17,3.33,3.04
ECE,ECE 125B ,"Esmaili, Gholamreza",SP19,26,10,100.0,100.0,9.83,3.22,3.22
ECE,ECE 134 ,"Ng, Tse Nga",SP16,48,23,100.0,100.0,6.21,3.43,2.85
ECE,ECE 134 ,"Ng, Tse Nga",SP17,28,10,100.0,100.0,6.25,3.57,3.21
ECE,ECE 134 ,"Ng, Tse Nga",WI18,23,14,100.0,100.0,5.36,3.29,3.26
ECE,ECE 134 ,"Ng, Tse Nga",WI19,21,10,100.0,100.0,5.61,3.78,3.45
ECE,ECE 135A ,"Tu, Charles",WI15,31,9,100.0,100.0,7.61,3.22,2.66
ECE,ECE 135A ,"Tu, Charles",WI17,25,5,100.0,80.0,6.0,3.25,2.7
ECE,ECE 135A ,"Yu, Paul K L",WI13,20,9,88.9,77.8,9.0,3.13,2.5
ECE,ECE 135A ,"Yu, Paul K L",WI14,15,5,100.0,100.0,6.9,3.25,2.62
ECE,ECE 135B ,"Dayeh, Shadi Ahmad",SP15,27,10,100.0,100.0,13.1,3.44,3.18
ECE,ECE 136L ,"Dayeh, Shadi Ahmad",WI15,22,7,71.4,85.7,16.21,3.0,3.09
ECE,ECE 136L ,"Dayeh, Shadi Ahmad",WI16,20,8,100.0,100.0,13.5,3.13,3.3
ECE,ECE 136L ,"Dayeh, Shadi Ahmad",WI17,33,18,92.9,92.9,10.5,3.31,3.3
ECE,ECE 136L ,"Lau, Silvanus S",WI14,15,11,100.0,100.0,13.9,3.38,2.85
ECE,ECE 136L ,"Lau, Silvanus S",WI15,22,7,71.4,85.7,16.21,3.0,3.09
ECE,ECE 140A ,"Gessner, Richard K.",WI18,48,38,97.4,97.4,8.34,3.39,3.51
ECE,ECE 140A ,"Gessner, Richard K.",WI19,67,23,86.4,90.9,7.95,3.41,3.43
ECE,ECE 140A ,"Khoshabeh, Ramsin",WI18,48,38,97.4,97.4,8.34,3.39,3.51
ECE,ECE 140A ,"Khoshabeh, Ramsin",WI19,65,23,86.4,90.9,7.95,3.41,3.43
ECE,ECE 140B ,"Gessner, Richard K.",SP18,32,21,95.2,100.0,9.45,3.62,3.7
ECE,ECE 140B ,"Gessner, Richard K.",SP19,39,27,66.7,80.8,9.17,3.44,3.52
ECE,ECE 140B ,"Khoshabeh, Ramsin",SP18,32,21,95.2,100.0,9.45,3.62,3.7
ECE,ECE 140B ,"Khoshabeh, Ramsin",SP19,39,27,66.7,92.3,9.17,3.44,3.52
ECE,ECE 141A ,"Gessner, Richard K.",WI19,63,40,100.0,97.5,9.05,3.58,3.38
ECE,ECE 141B ,"Gessner, Richard K.",SP19,48,19,94.4,100.0,10.61,3.73,3.49
ECE,ECE 143 ,"Unpingco, Jose H.",FA18,92,75,85.3,90.5,6.63,3.74,3.6
ECE,ECE 143 ,"Unpingco, Jose H.",SP18,62,18,72.2,77.8,7.72,3.59,3.35
ECE,ECE 143 ,"Unpingco, Jose H.",SP19,100,58,100.0,100.0,6.46,3.89,3.8
ECE,ECE 143 ,"Unpingco, Jose H.",WI19,67,54,94.3,96.2,7.62,3.79,3.5
ECE,ECE 144 ,"Phan, Alex Minh Giang",SP19,29,18,94.1,100.0,12.77,3.6,3.69
ECE,ECE 144 ,"Phan, Alex Minh Giang",WI19,23,18,94.4,100.0,14.61,3.44,3.63
ECE,ECE 145BL ,"Hildebrand, John A",WI17,20,7,100.0,100.0,5.17,4.0,3.77
ECE,ECE 145CL ,"Hildebrand, John A",SP15,26,7,100.0,100.0,5.64,3.86,3.56
ECE,ECE 15 ,"Cruz, Rene L",FA12,178,73,74.6,35.8,9.99,2.84,3.14
ECE,ECE 15 ,"Frankie, Tasha Christine",FA12,131,83,82.7,81.3,9.78,3.45,2.6
ECE,ECE 15 ,"Frankie, Tasha Christine",S212,46,12,91.7,100.0,10.17,3.67,2.63
ECE,ECE 15 ,"Gilja, Vikash",FA13,155,81,72.7,84.4,11.47,2.99,2.9
ECE,ECE 15 ,"Gilja, Vikash",FA14,188,81,71.8,91.5,10.84,2.97,2.51
ECE,ECE 15 ,"Gilja, Vikash",SP16,155,55,75.5,89.8,8.71,3.08,2.88
ECE,ECE 15 ,"Gilja, Vikash",WI19,169,76,80.0,90.0,8.61,3.14,3.23
ECE,ECE 15 ,"Guest, Clark C",FA07,60,45,73.3,53.3,5.74,2.95,2.42
ECE,ECE 15 ,"Guest, Clark C",WI08,27,14,42.9,35.7,6.81,3.07,2.59
ECE,ECE 15 ,"Orlitsky, Alon",FA09,103,58,79.3,65.5,10.36,3.28,2.69
ECE,ECE 15 ,"Orlitsky, Alon",FA10,179,91,67.8,60.2,10.36,3.01,2.54
ECE,ECE 15 ,"Orlitsky, Alon",FA11,261,112,73.2,64.69999999999999,10.225,2.755,2.41
ECE,ECE 15 ,"Orlitsky, Alon",FA13,382,168,80.9,68.30000000000001,10.675,3.075,2.51
ECE,ECE 15 ,"Orlitsky, Alon",FA15,252,114,79.8,79.8,7.56,3.16,2.51
ECE,ECE 15 ,"Orlitsky, Alon",FA16,198,80,88.4,82.85,8.875,3.32,2.81
ECE,ECE 15 ,"Orlitsky, Alon",WI09,41,23,78.3,87.0,7.28,3.17,2.31
ECE,ECE 15 ,"Schurgers, Curt",SP19,99,78,91.0,97.4,8.99,3.15,2.89
ECE,ECE 15 ,"Vardy, Alexander",FA08,80,56,73.2,67.9,8.04,3.13,2.34
ECE,ECE 15 ,"Vardy, Alexander",FA14,172,112,75.9,75.9,10.5,2.94,2.56
ECE,ECE 15 ,"Vardy, Alexander",FA17,221,123,65.4,79.8,10.54,2.97,2.68
ECE,ECE 15 ,"Vardy, Alexander",FA18,262,165,74.8,80.4,8.86,2.86,2.66
ECE,ECE 15 ,"Vardy, Alexander",WI10,57,22,47.6,61.9,12.68,2.9,2.64
ECE,ECE 15 ,"Vardy, Alexander",WI11,64,20,45.0,70.0,12.9,2.65,2.29
ECE,ECE 15 ,"Vardy, Alexander",WI12,105,52,71.2,69.2,11.75,3.16,2.14
ECE,ECE 15 ,"Vardy, Alexander",WI13,75,29,72.0,72.0,9.0,3.09,2.46
ECE,ECE 15 ,"Vardy, Alexander",WI14,132,54,78.4,68.6,9.72,2.73,2.44
ECE,ECE 15 ,"Vardy, Alexander",WI15,135,51,68.8,81.3,9.85,2.84,2.56
ECE,ECE 15 ,"Vardy, Alexander",WI17,84,24,62.5,79.2,9.98,3.0,2.64
ECE,ECE 15 ,"Vardy, Alexander",WI18,135,83,76.9,83.3,9.47,2.79,2.87
ECE,ECE 153 ,"Javidi, Tara",FA18,21,15,66.7,86.7,7.97,2.67,2.75
ECE,ECE 153 ,"Javidi, Tara",SP12,35,17,82.4,88.2,10.97,2.93,2.63
ECE,ECE 153 ,"Javidi, Tara",SP15,54,22,75.0,70.0,9.55,3.2,2.66
ECE,ECE 153 ,"Javidi, Tara",SP18,27,7,85.7,71.4,9.36,2.86,3.49
ECE,ECE 153 ,"Kim, Young-Han",FA08,24,23,72.7,72.7,8.15,2.91,3.05
ECE,ECE 153 ,"Kim, Young-Han",SP08,32,22,85.7,81.0,9.05,2.9,2.92
ECE,ECE 153 ,"Kim, Young-Han",SP10,26,10,100.0,90.0,8.7,2.9,2.82
ECE,ECE 153 ,"Kim, Young-Han",SP11,33,16,87.5,100.0,8.88,2.8,2.72
ECE,ECE 153 ,"Kim, Young-Han",SP14,45,17,81.3,75.0,8.77,2.77,2.94
ECE,ECE 153 ,"Lee, Jungwon",SP13,41,18,70.6,35.3,9.44,2.75,3.04
ECE,ECE 153 ,"Lugannani, Robert",FA07,28,21,85.7,85.7,7.83,3.63,3.15
ECE,ECE 153 ,"Lugannani, Robert",FA09,44,22,72.7,86.4,6.41,3.16,2.66
ECE,ECE 153 ,"Lugannani, Robert",FA10,34,21,81.0,95.2,7.36,3.43,2.72
ECE,ECE 153 ,"Lugannani, Robert",FA11,45,20,85.0,90.0,8.7,3.26,3.25
ECE,ECE 153 ,"Lugannani, Robert",FA12,60,26,87.0,95.7,7.98,3.48,2.76
ECE,ECE 153 ,"Lugannani, Robert",FA13,44,20,89.5,100.0,8.71,3.37,2.95
ECE,ECE 153 ,"Lugannani, Robert",FA14,101,35,96.9,93.8,8.11,3.25,3.07
ECE,ECE 153 ,"Lugannani, Robert",FA15,112,32,83.3,83.3,6.97,3.57,2.67
ECE,ECE 153 ,"Lugannani, Robert",FA16,96,39,91.7,94.4,7.13,3.5,2.97
ECE,ECE 153 ,"Lugannani, Robert",FA17,97,27,73.9,73.9,6.33,3.13,2.93
ECE,ECE 153 ,"Lugannani, Robert",SP09,50,40,87.5,87.5,7.35,3.38,2.56
ECE,ECE 153 ,"Lugannani, Robert",WI19,45,15,100.0,100.0,5.5,3.67,3.23
ECE,ECE 153 ,"Naghshvar, Mohammad",SP16,58,48,61.7,55.3,9.79,2.93,2.88
ECE,ECE 153 ,"Pal, Piya",SP19,36,28,88.9,96.3,7.98,3.11,3.26
ECE,ECE 153 ,"Rao, Ramesh R",SP17,68,29,74.1,66.7,8.35,3.19,3.01
ECE,ECE 154A ,"Milstein, Laurence B.",FA07,20,11,100.0,100.0,7.41,3.44,3.22
ECE,ECE 154A ,"Milstein, Laurence B.",FA09,28,16,81.3,100.0,5.88,3.14,2.89
ECE,ECE 154A ,"Milstein, Laurence B.",FA10,28,12,66.7,75.0,7.0,2.91,2.55
ECE,ECE 154A ,"Milstein, Laurence B.",FA11,20,12,100.0,100.0,10.0,3.17,2.84
ECE,ECE 154A ,"Milstein, Laurence B.",FA15,25,11,90.0,100.0,9.61,3.3,2.46
ECE,ECE 154A ,"Milstein, Laurence B.",FA16,22,7,100.0,100.0,7.36,3.5,2.86
ECE,ECE 154B ,"Milstein, Laurence B.",WI10,29,15,100.0,100.0,6.5,3.21,3.08
ECE,ECE 154B ,"Milstein, Laurence B.",WI11,21,9,88.9,88.9,7.61,3.56,2.74
ECE,ECE 154B ,"Milstein, Laurence B.",WI16,29,13,92.3,92.3,7.88,3.23,2.94
ECE,ECE 154B ,"Milstein, Laurence B.",WI17,21,10,100.0,100.0,10.5,3.8,2.7
ECE,ECE 154C ,"Kim, Young-Han",SP16,21,8,87.5,87.5,6.0,3.25,3.44
ECE,ECE 154C ,"Wolf, Jack K",SP10,26,15,100.0,100.0,6.63,3.4,3.36
ECE,ECE 156 ,"Hodgkiss, William S.",SP08,27,12,83.3,91.7,5.0,3.58,2.16
ECE,ECE 156 ,"Hodgkiss, William S.",SP09,50,20,89.5,100.0,3.0,3.37,2.64
ECE,ECE 156 ,"Hodgkiss, William S.",SP10,41,21,75.0,90.0,4.2,3.15,2.58
ECE,ECE 156 ,"Hodgkiss, William S.",SP11,54,19,68.4,94.7,4.5,3.35,2.65
ECE,ECE 158A ,"Cruz, Rene L",FA10,25,7,85.7,85.7,6.21,3.57,3.24
ECE,ECE 158A ,"Ehsan, Navid",WI09,37,27,96.2,96.0,5.76,3.5,2.83
ECE,ECE 158A ,"Franceschetti, Massimo",FA13,25,9,100.0,100.0,5.17,3.67,2.74
ECE,ECE 158A ,"Franceschetti, Massimo",FA15,69,20,76.5,88.2,6.26,3.19,2.87
ECE,ECE 158A ,"Franceschetti, Massimo",FA17,34,16,93.8,93.8,5.03,3.25,3.13
ECE,ECE 158A ,"Franceschetti, Massimo",FA18,31,10,100.0,100.0,3.83,3.33,3.05
ECE,ECE 158A ,"Javidi, Tara",FA16,39,14,50.0,33.3,12.5,2.82,3.1
ECE,ECE 158A ,"Minero, Paolo",FA14,35,17,100.0,100.0,6.68,3.45,3.11
ECE,ECE 158B ,"Baker, Corey E.",SP16,43,41,90.0,92.5,7.27,3.58,3.84
ECE,ECE 159A ,"Masry, Elias",FA08,17,15,100.0,100.0,7.3,3.69,2.99
ECE,ECE 16 ,"Dane, Gokce",SP17,25,21,100.0,81.0,5.36,3.55,3.77
ECE,ECE 16 ,"Gilja, Vikash",WI16,21,9,100.0,100.0,7.25,3.83,3.43
ECE,ECE 16 ,"Gilja, Vikash",WI17,21,12,100.0,100.0,5.67,3.8,3.88
ECE,ECE 16 ,"Khoshabeh, Ramsin",FA17,20,17,100.0,94.1,5.09,3.41,3.46
ECE,ECE 16 ,"Khoshabeh, Ramsin",FA18,23,7,71.4,85.7,13.93,3.14,3.46
ECE,ECE 16 ,"Khoshabeh, Ramsin",WI19,21,13,92.3,92.3,14.5,3.18,3.15
ECE,ECE 16 ,"Schurgers, Curt",SP19,28,15,86.7,100.0,13.43,2.67,3.31
ECE,ECE 161A ,"Javidi, Tara",FA07,45,28,72.0,64.0,7.71,3.0,2.78
ECE,ECE 161A ,"Javidi, Tara",FA15,110,30,88.9,63.0,9.38,3.0,2.73
ECE,ECE 161A ,"Javidi, Tara",SP09,36,32,90.3,81.3,6.5,3.43,2.8
ECE,ECE 161A ,"Javidi, Tara",SP10,53,42,88.1,52.4,7.09,2.83,2.92
ECE,ECE 161A ,"Nguyen, Truong Quang",FA11,67,28,96.4,92.9,7.93,3.3,3.29
ECE,ECE 161A ,"Nguyen, Truong Quang",SP11,47,25,100.0,100.0,8.02,3.25,3.01
ECE,ECE 161A ,"Pun, Ka Shun Carson",SP12,45,18,88.9,50.0,8.61,3.28,3.13
ECE,ECE 161A ,"Rao, Bhaskar D.",FA08,37,23,91.3,91.3,7.37,3.09,3.12
ECE,ECE 161A ,"Rao, Bhaskar D.",FA09,69,39,94.9,94.9,8.5,3.06,2.59
ECE,ECE 161A ,"Rao, Bhaskar D.",FA10,36,21,100.0,95.2,8.4,3.3,3.21
ECE,ECE 161A ,"Rao, Bhaskar D.",FA12,75,37,91.2,76.5,9.26,3.18,2.75
ECE,ECE 161A ,"Rao, Bhaskar D.",FA13,74,31,96.2,96.2,8.96,3.52,2.67
ECE,ECE 161A ,"Rao, Bhaskar D.",FA14,111,29,92.6,92.6,7.78,2.8,2.87
ECE,ECE 161A ,"Rao, Bhaskar D.",FA16,89,38,94.3,94.3,8.32,3.23,2.95
ECE,ECE 161A ,"Rao, Bhaskar D.",FA17,72,23,100.0,95.2,9.0,3.3,2.49
ECE,ECE 161A ,"Rao, Bhaskar D.",FA18,66,20,75.0,90.0,8.8,2.63,2.65
ECE,ECE 161A ,"Rao, Bhaskar D.",SP08,41,33,72.7,90.9,9.11,3.07,2.77
ECE,ECE 161B ,"Nguyen, Truong Quang",WI09,41,33,90.9,93.9,6.98,3.35,3.44
ECE,ECE 161B ,"Nguyen, Truong Quang",WI10,77,26,100.0,92.3,5.12,3.28,3.32
ECE,ECE 161B ,"Nguyen, Truong Quang",WI11,60,28,96.3,92.6,7.29,3.32,3.21
ECE,ECE 161B ,"Nguyen, Truong Quang",WI12,67,24,95.8,91.7,6.58,3.54,3.08
ECE,ECE 161B ,"Nguyen, Truong Quang",WI13,60,32,93.5,93.5,6.5,3.29,3.23
ECE,ECE 161B ,"Nguyen, Truong Quang",WI14,43,17,93.8,93.8,7.75,3.56,3.35
ECE,ECE 161B ,"Nguyen, Truong Quang",WI16,78,28,92.6,100.0,7.39,3.22,3.22
ECE,ECE 161B ,"Nguyen, Truong Quang",WI17,60,29,100.0,100.0,8.71,3.3,3.2
ECE,ECE 161B ,"Nguyen, Truong Quang",WI18,46,19,100.0,100.0,6.29,3.28,3.2
ECE,ECE 161B ,"Nguyen, Truong Quang",WI19,43,19,100.0,100.0,7.87,3.0,3.34
ECE,ECE 161B ,"Sathe, Vinay",WI08,39,26,80.8,88.5,4.88,3.46,3.43
ECE,ECE 161B ,"Song, Hee Chun",WI15,68,20,89.5,89.5,6.94,3.32,3.44
ECE,ECE 161C ,"Harris, Frederick Joel",SP19,58,20,64.7,70.6,8.75,3.5,3.51
ECE,ECE 161C ,"Vasconcelos, Nuno",SP08,34,20,78.9,68.4,6.08,3.25,2.76
ECE,ECE 161C ,"Vasconcelos, Nuno",SP09,30,18,87.5,62.5,6.94,3.47,3.11
ECE,ECE 161C ,"Vasconcelos, Nuno",SP10,45,34,90.9,87.9,7.71,3.33,2.73
ECE,ECE 161C ,"Vasconcelos, Nuno",SP11,31,27,77.8,61.5,8.13,2.81,2.48
ECE,ECE 161C ,"Vasconcelos, Nuno",SP12,48,44,93.0,97.7,9.59,3.36,3.36
ECE,ECE 161C ,"Vasconcelos, Nuno",SP13,32,30,89.7,89.7,7.76,2.9,2.86
ECE,ECE 161C ,"Vasconcelos, Nuno",SP14,29,26,92.3,84.6,10.12,3.04,2.87
ECE,ECE 161C ,"Vasconcelos, Nuno",SP15,58,54,90.6,88.7,6.88,3.27,2.82
ECE,ECE 161C ,"Vasconcelos, Nuno",SP16,58,54,85.2,81.5,6.76,2.94,2.87
ECE,ECE 161C ,"Vasconcelos, Nuno",SP17,66,62,80.3,63.9,6.57,3.17,2.76
ECE,ECE 163 ,"Bott-Suzuki, Simon Charles",SP16,76,21,90.0,100.0,10.94,3.56,3.11
ECE,ECE 163 ,"Hsueh, Tzu-Chien",SP19,42,30,85.2,84.6,9.14,3.4,3.49
ECE,ECE 163 ,"Levy, Cooper Sinclair",SP18,27,23,78.3,87.0,10.59,2.87,2.98
ECE,ECE 163 ,"Song, Bang Sup",SP08,34,23,82.6,60.9,10.5,3.27,3.24
ECE,ECE 163 ,"Song, Bang Sup",SP09,45,23,91.3,69.6,8.76,3.55,2.97
ECE,ECE 163 ,"Song, Bang Sup",SP10,62,30,93.1,62.1,10.78,3.52,3.05
ECE,ECE 163 ,"Song, Bang Sup",SP11,51,21,85.0,35.0,12.98,3.06,2.93
ECE,ECE 163 ,"Song, Bang Sup",SP12,51,19,77.8,66.7,12.08,3.39,3.04
ECE,ECE 163 ,"Song, Bang Sup",SP13,57,14,85.7,42.9,10.65,3.07,3.02
ECE,ECE 163 ,"Song, Bang Sup",SP14,71,31,88.9,40.7,10.13,3.32,3.08
ECE,ECE 163 ,"Song, Bang Sup",SP15,88,37,75.0,37.5,9.88,3.31,2.9
ECE,ECE 164 ,"Buckwalter, James",FA13,87,40,89.2,70.3,10.5,3.31,3.2
ECE,ECE 164 ,"Buckwalter, James",FA14,65,21,77.8,88.9,8.06,3.44,3.24
ECE,ECE 164 ,"Galton, Ian A",FA07,65,57,96.4,83.6,9.8,3.43,3.09
ECE,ECE 164 ,"Galton, Ian A",FA08,40,42,85.7,71.4,10.07,3.02,3.14
ECE,ECE 164 ,"Galton, Ian A",FA09,70,63,95.2,96.8,9.48,3.55,2.23
ECE,ECE 164 ,"Galton, Ian A",FA10,55,33,96.9,96.9,11.53,3.28,2.87
ECE,ECE 164 ,"Galton, Ian A",FA11,70,32,96.9,96.9,10.56,3.42,2.78
ECE,ECE 164 ,"Galton, Ian A",FA12,76,35,84.8,87.9,9.88,3.45,2.82
ECE,ECE 164 ,"Hall, Drew A.",FA15,83,27,96.2,92.3,12.19,3.65,2.94
ECE,ECE 164 ,"Hall, Drew A.",FA16,103,42,95.0,95.0,11.63,3.47,2.93
ECE,ECE 164 ,"Hall, Drew A.",FA17,66,49,100.0,100.0,11.89,3.02,2.77
ECE,ECE 164 ,"Hall, Drew A.",FA18,58,30,90.0,93.1,13.03,3.45,3.13
ECE,ECE 165 ,"Buckwalter, James",SP08,39,24,95.7,95.5,16.17,3.52,3.28
ECE,ECE 165 ,"Buckwalter, James",SP09,33,25,88.0,96.0,12.98,3.25,3.22
ECE,ECE 165 ,"Buckwalter, James",SP10,36,24,100.0,95.7,13.25,3.57,3.38
ECE,ECE 165 ,"Buckwalter, James",SP11,36,22,95.5,95.5,14.31,3.05,3.32
ECE,ECE 165 ,"Buckwalter, James",WI12,39,16,93.8,87.5,11.75,3.13,3.23
ECE,ECE 165 ,"Eldon, John",SP16,121,28,75.0,57.1,8.35,3.41,3.61
ECE,ECE 165 ,"Mercier, Patrick Philip",SP14,77,24,100.0,100.0,12.5,3.39,3.17
ECE,ECE 165 ,"Mercier, Patrick Philip",SP15,82,32,100.0,100.0,11.81,3.38,3.09
ECE,ECE 165 ,"Mercier, Patrick Philip",SP17,90,24,91.7,100.0,11.95,3.17,3.15
ECE,ECE 165 ,"Mercier, Patrick Philip",SP19,74,27,95.8,87.0,11.98,3.39,3.01
ECE,ECE 165 ,"Mercier, Patrick Philip",WI13,44,16,93.8,93.8,13.17,3.33,2.95
ECE,ECE 165 ,"Mercier, Patrick Philip",WI18,20,7,100.0,100.0,11.36,3.14,3.05
ECE,ECE 166 ,"Groe, John",FA13,56,23,100.0,91.3,6.95,3.65,2.92
ECE,ECE 166 ,"Rebeiz, Gabriel",FA07,52,43,100.0,100.0,9.48,3.55,3.29
ECE,ECE 166 ,"Rebeiz, Gabriel",FA08,45,39,100.0,100.0,8.09,3.41,3.08
ECE,ECE 166 ,"Rebeiz, Gabriel",FA09,58,53,100.0,100.0,10.03,3.55,2.55
ECE,ECE 166 ,"Rebeiz, Gabriel",FA10,57,31,96.7,96.7,13.66,3.36,3.16
ECE,ECE 166 ,"Rebeiz, Gabriel",FA11,51,26,100.0,96.2,12.35,3.28,3.27
ECE,ECE 166 ,"Rebeiz, Gabriel",FA12,71,36,97.1,100.0,10.96,3.68,3.16
ECE,ECE 166 ,"Rebeiz, Gabriel",FA14,63,21,84.2,84.2,9.24,3.71,3.02
ECE,ECE 166 ,"Rebeiz, Gabriel",FA15,97,36,97.0,93.9,11.6,3.48,2.98
ECE,ECE 166 ,"Rebeiz, Gabriel",FA16,105,45,100.0,97.6,11.53,3.56,3.09
ECE,ECE 166 ,"Rebeiz, Gabriel",FA17,78,28,100.0,95.7,10.93,3.27,2.59
ECE,ECE 166 ,"Rebeiz, Gabriel",FA18,63,29,100.0,100.0,11.71,3.57,3.23
ECE,ECE 166 ,"Vasconcelos, Nuno",SP08,34,20,78.9,68.4,6.08,3.25,2.76
ECE,ECE 166 ,"Vasconcelos, Nuno",SP09,30,18,87.5,62.5,6.94,3.47,3.11
ECE,ECE 166 ,"Vasconcelos, Nuno",SP10,45,34,90.9,87.9,7.71,3.33,2.73
ECE,ECE 166 ,"Vasconcelos, Nuno",SP11,31,27,77.8,61.5,8.13,2.81,2.48
ECE,ECE 166 ,"Vasconcelos, Nuno",SP12,48,44,93.0,97.7,9.59,3.36,3.36
ECE,ECE 17 ,"Gessner, Richard K.",SP19,41,29,100.0,100.0,8.81,3.23,3.07
ECE,ECE 171A ,"Sworder, David D.",S111,31,12,100.0,58.3,7.0,3.09,3.21
ECE,ECE 171A ,"Sworder, David D.",S112,25,10,70.0,60.0,9.7,3.22,3.49
ECE,ECE 171A ,"Sworder, David D.",S113,38,7,100.0,100.0,8.17,3.4,3.25
ECE,ECE 171A ,"Sworder, David D.",S114,61,5,40.0,40.0,11.3,2.5,3.25
ECE,ECE 171A ,"Sworder, David D.",S115,43,9,77.8,66.7,9.0,3.22,3.19
ECE,ECE 171A ,"Sworder, David D.",SP09,36,21,95.0,95.2,3.6,3.19,3.36
ECE,ECE 171A ,"Sworder, David D.",SP10,31,13,100.0,84.6,6.5,3.17,3.42
ECE,ECE 171A ,"Sworder, David D.",SP11,27,9,55.6,66.7,8.0,3.25,3.08
ECE,ECE 171A ,"Sworder, David D.",SP12,27,16,86.7,73.3,6.25,3.4,3.59
ECE,ECE 171A ,"Sworder, David D.",SP13,23,10,90.0,90.0,6.7,3.78,3.5
ECE,ECE 171A ,"Sworder, David D.",SP14,60,20,76.5,70.6,6.5,3.25,3.19
ECE,ECE 171A ,"Sworder, David D.",SP15,167,46,83.7,51.2,6.26,3.36,3.36
ECE,ECE 171A ,"Sworder, David D.",SP16,182,59,91.2,80.7,6.89,3.66,3.39
ECE,ECE 171A ,"Sworder, David D.",SP17,181,49,87.0,78.3,6.6,3.29,3.19
ECE,ECE 171A ,"Sworder, David D.",SP18,123,88,79.8,73.8,7.17,3.2,3.28
ECE,ECE 171A ,"Sworder, David D.",SP19,118,46,64.4,48.9,7.36,3.18,3.09
ECE,ECE 171B ,"Kreutz-Delgado, Kenneth",FA09,17,8,100.0,75.0,5.25,3.63,3.34
ECE,ECE 171B ,"Sworder, David D.",FA08,29,16,100.0,93.3,8.75,3.53,3.33
ECE,ECE 171B ,"Sworder, David D.",FA10,32,14,92.9,85.7,5.64,3.64,3.24
ECE,ECE 171B ,"Sworder, David D.",FA11,21,6,83.3,83.3,7.17,3.33,3.11
ECE,ECE 171B ,"Sworder, David D.",FA13,20,9,100.0,100.0,4.21,3.63,3.28
ECE,ECE 171B ,"Sworder, David D.",FA14,40,12,100.0,87.5,7.0,3.38,3.34
ECE,ECE 171B ,"Sworder, David D.",FA15,68,19,94.4,88.9,7.5,3.69,3.4
ECE,ECE 171B ,"Sworder, David D.",FA16,70,20,88.2,70.6,7.32,3.18,3.2
ECE,ECE 171B ,"Sworder, David D.",FA17,54,9,88.9,88.9,6.06,3.75,3.25
ECE,ECE 171B ,"Sworder, David D.",FA18,20,9,100.0,100.0,8.28,3.56,3.6
ECE,ECE 172A ,"Cosman, Pamela C.",WI12,65,23,95.7,91.3,7.46,3.35,3.17
ECE,ECE 172A ,"Cosman, Pamela C.",WI13,52,29,86.2,89.7,7.47,3.41,3.09
ECE,ECE 172A ,"Trivedi, Mohan M.",FA07,30,14,100.0,100.0,5.58,3.36,3.34
ECE,ECE 172A ,"Trivedi, Mohan M.",FA08,26,23,95.7,82.6,6.76,3.35,3.14
ECE,ECE 172A ,"Trivedi, Mohan M.",FA09,40,32,84.4,90.6,7.83,3.45,3.03
ECE,ECE 172A ,"Trivedi, Mohan M.",FA10,25,12,91.7,91.7,7.17,3.75,3.68
ECE,ECE 172A ,"Trivedi, Mohan M.",WI14,76,28,96.3,88.9,5.83,3.5,3.09
ECE,ECE 172A ,"Trivedi, Mohan M.",WI15,112,44,85.4,70.7,9.35,3.15,3.3
ECE,ECE 172A ,"Trivedi, Mohan M.",WI16,148,48,85.1,80.9,7.73,3.54,3.02
ECE,ECE 172A ,"Trivedi, Mohan M.",WI17,165,63,91.4,82.8,7.62,3.37,3.21
ECE,ECE 172A ,"Trivedi, Mohan M.",WI18,94,32,80.6,83.9,7.03,3.24,3.34
ECE,ECE 172A ,"Trivedi, Mohan M.",WI19,109,27,84.0,84.0,8.26,3.24,3.17
ECE,ECE 173 ,"Nemat-Nasser, Syrus Csaba",WI09,26,23,87.0,95.7,16.33,3.52,3.24
ECE,ECE 174 ,"Kreutz-Delgado, Kenneth",FA10,29,25,76.0,88.0,9.22,3.21,3.15
ECE,ECE 174 ,"Kreutz-Delgado, Kenneth",FA11,28,12,66.7,75.0,6.33,3.17,3.48
ECE,ECE 174 ,"Kreutz-Delgado, Kenneth",FA12,33,16,85.7,78.6,10.5,3.14,3.32
ECE,ECE 174 ,"Kreutz-Delgado, Kenneth",FA13,45,18,87.5,75.0,9.88,3.4,3.19
ECE,ECE 174 ,"Kreutz-Delgado, Kenneth",FA14,86,56,81.1,81.1,9.12,3.04,2.7
ECE,ECE 174 ,"Kreutz-Delgado, Kenneth",FA15,143,47,67.4,65.1,9.17,3.03,2.88
ECE,ECE 174 ,"Kreutz-Delgado, Kenneth",FA16,118,40,85.7,82.9,9.68,3.23,3.13
ECE,ECE 174 ,"Kreutz-Delgado, Kenneth",FA17,127,29,59.3,63.0,10.64,3.04,2.82
ECE,ECE 174 ,"Kreutz-Delgado, Kenneth",SP09,50,40,79.5,74.4,8.35,3.27,3.32
ECE,ECE 174 ,"Kreutz-Delgado, Kenneth",SP10,52,24,61.9,66.7,7.86,2.91,2.86
ECE,ECE 174 ,"Pal, Piya",FA18,95,27,32.0,44.0,12.02,2.32,2.55
ECE,ECE 175 ,"Kreutz-Delgado, Kenneth",WI11,28,19,89.5,89.5,11.03,3.33,2.67
ECE,ECE 175A ,"Kreutz-Delgado, Kenneth",WI11,28,19,89.5,89.5,11.03,3.33,2.67
ECE,ECE 175A ,"Vasconcelos, Nuno",WI13,24,22,100.0,95.5,11.5,3.1,3.11
ECE,ECE 175A ,"Vasconcelos, Nuno",WI14,30,25,91.7,95.8,9.63,3.21,2.96
ECE,ECE 175A ,"Vasconcelos, Nuno",WI15,58,54,81.5,68.5,9.97,3.0,2.57
ECE,ECE 175A ,"Vasconcelos, Nuno",WI16,110,111,92.7,86.4,9.11,3.22,2.79
ECE,ECE 175A ,"Vasconcelos, Nuno",WI17,106,101,95.0,83.0,8.36,3.06,2.92
ECE,ECE 175A ,"Vasconcelos, Nuno",WI18,105,35,93.9,76.7,10.0,3.07,2.75
ECE,ECE 175A ,"Vasconcelos, Nuno",WI19,90,20,81.3,87.5,9.38,3.0,3.03
ECE,ECE 175B ,"Kreutz-Delgado, Kenneth",SP15,28,6,83.3,83.3,9.5,3.33,3.19
ECE,ECE 175B ,"Kreutz-Delgado, Kenneth",SP16,62,23,90.9,95.5,7.86,3.45,3.61
ECE,ECE 175B ,"Kreutz-Delgado, Kenneth",SP17,51,16,100.0,92.9,6.79,3.79,3.08
ECE,ECE 175B ,"Kreutz-Delgado, Kenneth",SP18,29,7,100.0,100.0,6.5,3.75,3.53
ECE,ECE 180 ,"Abi Samra, Nicholas Camill",FA16,90,41,100.0,97.5,4.87,3.66,3.74
ECE,ECE 180 ,"Abi Samra, Nicholas Camill",FA17,38,14,92.9,100.0,4.93,3.64,3.62
ECE,ECE 180 ,"Abi Samra, Nicholas Camill",FA18,32,9,100.0,100.0,4.72,3.89,3.61
ECE,ECE 180 ,"Abi Samra, Nicholas Camill",S118,51,12,100.0,100.0,5.41,3.92,3.86
ECE,ECE 180 ,"Abi Samra, Nicholas Camill",S119,30,11,100.0,100.0,6.14,3.91,3.53
ECE,ECE 180 ,"Abi Samra, Nicholas Camill",S218,37,10,88.9,88.9,6.75,3.78,3.49
ECE,ECE 180 ,"Abi Samra, Nicholas Camill",S219,29,16,100.0,100.0,4.23,3.8,3.48
ECE,ECE 180 ,"Abi Samra, Nicholas Camill",SP17,97,25,100.0,100.0,5.75,3.95,3.58
ECE,ECE 180 ,"Abi Samra, Nicholas Camill",SP18,46,15,80.0,86.7,5.17,3.67,3.79
ECE,ECE 180 ,"Abi Samra, Nicholas Camill",SP19,36,10,100.0,100.0,3.7,3.5,3.79
ECE,ECE 180 ,"Abi Samra, Nicholas Camill",WI18,30,7,80.0,100.0,6.9,3.75,3.77
ECE,ECE 180 ,"Abi Samra, Nicholas Camill",WI19,31,11,100.0,100.0,3.77,3.82,3.73
ECE,ECE 180 ,"Esmaili, Gholamreza",FA14,41,17,92.3,84.6,7.73,3.0,2.62
ECE,ECE 180 ,"Esmaili, Gholamreza",SP14,28,10,100.0,100.0,10.75,3.88,3.14
ECE,ECE 180 ,"Gessner, Richard K.",SP18,22,15,73.3,93.3,9.79,3.36,3.54
ECE,ECE 180 ,"Gessner, Richard K.",WI18,47,40,92.5,95.0,11.25,3.36,3.34
ECE,ECE 180 ,"Ghoudjehbaklou, Hassan",SP16,56,13,84.6,53.8,7.33,3.18,3.12
ECE,ECE 180 ,"Ghoudjehbaklou, Hassan",WI17,22,5,100.0,100.0,8.0,3.0,3.5
ECE,ECE 180 ,"Kumar, Rakesh",FA15,46,14,100.0,100.0,3.5,3.69,3.54
ECE,ECE 180 ,"Kumar, Rakesh",FA16,20,11,90.9,90.9,4.5,3.91,3.68
ECE,ECE 180 ,"Kumar, Rakesh",SP17,28,22,100.0,95.2,4.7,3.9,3.69
ECE,ECE 180 ,"Kumar, Rakesh",WI18,22,17,94.1,100.0,4.03,3.76,3.68
ECE,ECE 180 ,"Kumar, Rakesh",WI19,33,30,96.7,93.3,6.3,3.83,3.49
ECE,ECE 180 ,"Kunin, Jay Stuart",WI16,34,8,100.0,85.7,4.5,3.57,3.54
ECE,ECE 180 ,"Unpingco, Jose H.",FA17,66,32,86.2,88.9,7.43,3.78,4.0
ECE,ECE 180 ,"Unpingco, Jose H.",WI18,149,71,87.1,88.6,5.8,3.86,3.45
ECE,ECE 181 ,"Ford, Joseph Earl",SP12,29,19,88.9,77.8,10.39,2.94,2.64
ECE,ECE 181 ,"Ford, Joseph Earl",SP15,20,7,100.0,100.0,7.36,3.57,3.35
ECE,ECE 182 ,"Lomakin, Vitaliy",FA11,20,11,100.0,90.9,5.59,3.5,3.59
ECE,ECE 182 ,"Lomakin, Vitaliy",FA16,21,13,92.3,84.6,8.5,3.46,3.38
ECE,ECE 183 ,"Lo, Yu-Hwa",WI11,23,10,70.0,90.0,5.5,3.3,3.41
ECE,ECE 183 ,"McAulay, Alastair D",WI16,27,12,91.7,50.0,5.0,3.64,3.5
ECE,ECE 183 ,"Mookherjea, Shayan",WI12,27,18,88.9,94.4,10.72,3.12,3.23
ECE,ECE 183 ,"Mookherjea, Shayan",WI14,15,9,100.0,100.0,7.17,3.25,3.03
ECE,ECE 183 ,"Mookherjea, Shayan",WI17,31,15,85.7,100.0,14.07,3.36,3.12
ECE,ECE 187 ,"Bartsch, Dirk-Uwe Guenther",FA07,27,22,95.2,100.0,3.32,3.45,3.14
ECE,ECE 187 ,"Bartsch, Dirk-Uwe Guenther",FA08,31,17,88.2,100.0,5.91,3.4,3.13
ECE,ECE 187 ,"Bartsch, Dirk-Uwe Guenther",FA09,34,20,100.0,100.0,3.5,3.56,3.39
ECE,ECE 187 ,"Bartsch, Dirk-Uwe Guenther",FA10,24,16,93.8,100.0,3.88,3.63,3.46
ECE,ECE 187 ,"Liu, Zhaowei",FA14,29,12,72.7,72.7,5.05,3.4,3.2
ECE,ECE 187 ,"Liu, Zhaowei",FA15,42,13,84.6,84.6,5.12,3.42,3.3
ECE,ECE 187 ,"Liu, Zhaowei",FA16,47,20,88.9,77.8,6.28,3.44,3.3
ECE,ECE 187 ,"Liu, Zhaowei",FA18,27,5,100.0,100.0,6.9,3.75,3.5
ECE,ECE 188 ,"Cetin, Ahmet Enis",SP16,27,11,100.0,100.0,5.1,3.78,3.62
ECE,ECE 188 ,"Esmaili, Gholamreza",FA15,93,33,90.0,93.3,10.02,3.11,2.88
ECE,ECE 188 ,"Esmaili, Gholamreza",SP13,43,19,89.5,84.2,6.92,3.39,2.93
ECE,ECE 188 ,"Esmaili, Gholamreza",WI14,53,24,91.7,75.0,9.75,3.08,2.44
ECE,ECE 188 ,"Gessner, Richard K.",SP17,25,20,95.0,95.0,7.8,3.68,3.42
ECE,ECE 188 ,"Gessner, Richard K.",WI17,47,38,89.2,91.9,9.53,3.39,3.53
ECE,ECE 188 ,"Khoshabeh, Ramsin",SP17,25,20,95.0,90.0,7.8,3.68,3.42
ECE,ECE 188 ,"Khoshabeh, Ramsin",WI17,47,38,89.2,94.6,9.53,3.39,3.53
ECE,ECE 188 ,"Phan, Alex Minh Giang",FA17,24,6,100.0,100.0,11.7,3.8,3.52
ECE,ECE 188 ,"Phan, Alex Minh Giang",SP18,30,27,100.0,100.0,13.76,3.54,3.56
ECE,ECE 188 ,"Phan, Alex Minh Giang",WI18,22,22,100.0,100.0,10.95,3.5,3.65
ECE,ECE 188 ,"Twomey, Robert Daniel",SP19,39,14,92.3,100.0,6.17,3.75,3.9
ECE,ECE 191 ,"Cosman, Pamela C.",FA14,21,8,100.0,87.5,12.21,3.57,3.6
ECE,ECE 191 ,"Cosman, Pamela C.",FA15,33,5,75.0,100.0,9.0,3.75,3.32
ECE,ECE 191 ,"Cosman, Pamela C.",FA16,38,15,100.0,100.0,8.83,3.69,3.33
ECE,ECE 191 ,"Cosman, Pamela C.",FA17,34,7,100.0,100.0,9.36,3.43,3.54
ECE,ECE 191 ,"Cosman, Pamela C.",SP13,40,12,100.0,100.0,10.67,3.83,3.7
ECE,ECE 191 ,"Cosman, Pamela C.",SP14,30,6,100.0,100.0,11.5,3.5,3.55
ECE,ECE 191 ,"Cosman, Pamela C.",SP15,46,10,100.0,100.0,12.75,3.71,3.49
ECE,ECE 191 ,"Cosman, Pamela C.",SP16,75,17,93.8,93.8,12.13,3.67,3.56
ECE,ECE 191 ,"Cosman, Pamela C.",WI14,55,13,91.7,83.3,9.41,3.91,3.67
ECE,ECE 191 ,"Cosman, Pamela C.",WI16,48,13,91.7,100.0,10.67,3.75,3.55
ECE,ECE 191 ,"Cosman, Pamela C.",WI17,61,16,85.7,85.7,11.42,3.58,3.57
ECE,ECE 191 ,"Cosman, Pamela C.",WI18,39,6,80.0,100.0,12.5,3.75,3.48
ECE,ECE 191 ,"Cosman, Pamela C.",WI19,22,4,100.0,100.0,9.83,3.67,3.3
ECE,ECE 191 ,"Das, Nandon",SP08,20,6,100.0,100.0,14.83,3.74,3.84
ECE,ECE 191 ,"Das, Pankaj K",FA14,23,8,100.0,50.0,11.64,3.57,3.6
ECE,ECE 191 ,"Das, Pankaj K",SP08,20,19,100.0,94.7,13.5,3.74,3.84
ECE,ECE 191 ,"Das, Pankaj K",SP10,24,10,77.8,66.7,8.72,3.67,3.84
ECE,ECE 191 ,"Das, Pankaj K",SP12,48,13,92.3,84.6,11.42,3.77,3.69
ECE,ECE 191 ,"Das, Pankaj K",SP13,40,12,100.0,91.7,10.67,3.75,3.7
ECE,ECE 191 ,"Das, Pankaj K",SP16,75,17,93.8,81.3,12.13,3.67,3.56
ECE,ECE 191 ,"Das, Pankaj K",SP17,66,11,63.6,81.8,9.95,3.36,3.69
ECE,ECE 191 ,"Das, Pankaj K",WI08,32,24,95.7,87.0,11.0,3.52,3.55
ECE,ECE 191 ,"Das, Pankaj K",WI09,38,31,89.7,79.3,11.26,3.75,3.56
ECE,ECE 191 ,"Das, Pankaj K",WI10,54,14,92.9,85.7,11.73,3.69,3.75
ECE,ECE 191 ,"Das, Pankaj K",WI12,44,19,84.2,57.9,11.66,3.68,3.59
ECE,ECE 191 ,"Das, Pankaj K",WI13,26,15,86.7,80.0,9.42,3.87,3.74
ECE,ECE 191 ,"Das, Pankaj K",WI15,62,16,100.0,93.8,10.63,3.88,3.63
ECE,ECE 191 ,"Das, Pankaj K",WI16,48,12,91.7,66.7,10.67,3.75,3.55
ECE,ECE 191 ,"Guest, Clark C",WI11,45,16,87.5,100.0,10.5,3.81,3.55
ECE,ECE 191 ,"Guest, Clark C",WI12,44,17,82.4,76.5,11.32,3.68,3.59
ECE,ECE 191 ,"Guest, Clark C",WI13,26,15,78.6,64.3,10.35,3.85,3.74
ECE,ECE 191 ,"Trivedi, Mohan M.",SP11,28,15,86.7,86.7,12.36,3.87,3.68
ECE,ECE 191 ,"Trivedi, Mohan M.",WI09,38,31,89.7,79.3,11.26,3.75,3.56
ECE,ECE 191 ,"Trivedi, Mohan M.",WI10,54,13,91.7,91.7,11.33,3.69,3.75
ECE,ECE 191 ,"Tu, Charles",FA15,33,5,75.0,75.0,9.0,3.75,3.32
ECE,ECE 191 ,"Tu, Charles",SP10,24,9,77.8,88.9,8.94,3.67,3.84
ECE,ECE 191 ,"Tu, Charles",SP11,28,15,86.7,86.7,11.93,3.87,3.68
ECE,ECE 191 ,"Tu, Charles",SP12,48,14,92.9,100.0,12.5,3.77,3.69
ECE,ECE 191 ,"Tu, Charles",SP15,46,10,100.0,88.9,12.28,3.75,3.49
ECE,ECE 191 ,"Tu, Charles",SP17,66,12,58.3,75.0,9.5,3.42,3.69
ECE,ECE 191 ,"Tu, Charles",WI14,55,11,100.0,100.0,9.17,3.9,3.67
ECE,ECE 191 ,"Tu, Charles",WI15,62,16,100.0,93.8,10.63,3.88,3.63
ECE,ECE 191 ,"Zhang, Xinyu",WI19,22,4,100.0,100.0,9.83,3.67,3.3
ECE,ECE 25 ,"Cruz, Rene L",WI09,63,38,97.4,84.2,5.82,3.4,3.23
ECE,ECE 25 ,"Dey, Sujit",WI11,80,37,94.4,66.7,6.44,3.24,2.87
ECE,ECE 25 ,"Dey, Sujit",WI12,109,47,97.9,89.4,7.1,3.37,3.13
ECE,ECE 25 ,"Dey, Sujit",WI13,197,82,96.3,84.0,6.62,3.39,2.91
ECE,ECE 25 ,"Dey, Sujit",WI14,186,86,96.3,81.7,6.04,3.21,2.49
ECE,ECE 25 ,"Dey, Sujit",WI16,137,71,92.3,81.5,6.88,3.34,2.88
ECE,ECE 25 ,"Dey, Sujit",WI17,100,48,97.6,90.2,6.99,3.63,2.8
ECE,ECE 25 ,"Dey, Sujit",WI18,134,75,94.3,90.0,7.3,3.24,2.97
ECE,ECE 25 ,"Dey, Sujit",WI19,134,67,93.8,92.3,5.95,3.38,3.05
ECE,ECE 25 ,"Guest, Clark C",SP09,36,26,92.0,92.0,4.81,3.36,2.37
ECE,ECE 25 ,"Guest, Clark C",WI10,83,35,85.7,71.4,5.93,3.43,3.08
ECE,ECE 25 ,"LIU, ZHAOWEI",SP10,25,12,91.7,58.3,3.67,3.42,3.32
ECE,ECE 25 ,"Lin, Bill",FA07,62,49,91.7,89.4,5.0,3.53,3.11
ECE,ECE 25 ,"Lin, Bill",FA08,46,27,100.0,100.0,3.94,3.56,2.92
ECE,ECE 25 ,"Lin, Bill",FA09,52,47,97.9,100.0,3.8,3.54,3.1
ECE,ECE 25 ,"Lin, Bill",FA10,78,35,94.3,97.1,7.5,3.48,3.14
ECE,ECE 25 ,"Lin, Bill",FA12,152,60,94.3,96.2,7.13,3.44,2.65
ECE,ECE 25 ,"Lin, Bill",FA14,178,74,91.4,94.3,5.86,3.48,2.93
ECE,ECE 25 ,"Lin, Bill",FA16,72,28,80.8,88.5,4.81,3.5,2.85
ECE,ECE 25 ,"Lin, Bill",SP08,30,16,100.0,93.8,3.7,3.57,3.1
ECE,ECE 25 ,"Lin, Bill",SP12,79,44,93.0,93.0,5.59,3.59,3.11
ECE,ECE 25 ,"Lin, Bill",WI14,178,80,97.5,98.8,5.42,3.54,2.72
ECE,ECE 25 ,"Liu, Zhaowei",FA11,123,50,91.7,56.3,7.79,3.2,3.1
ECE,ECE 25 ,"Liu, Zhaowei",FA15,62,30,89.7,82.8,6.57,3.36,3.38
ECE,ECE 25 ,"Liu, Zhaowei",SP11,47,19,89.5,73.7,5.97,3.39,3.23
ECE,ECE 25 ,"Liu, Zhaowei",SP13,105,37,94.6,83.8,5.13,3.46,3.15
ECE,ECE 25 ,"Liu, Zhaowei",SP14,122,52,88.0,76.0,5.81,3.36,3.07
ECE,ECE 25 ,"Liu, Zhaowei",SP16,29,11,81.8,81.8,6.68,3.3,3.24
ECE,ECE 25 ,"Liu, Zhaowei",SP17,38,15,100.0,76.9,6.04,3.17,3.04
ECE,ECE 25 ,"Liu, Zhaowei",SP18,56,18,94.1,93.8,6.15,2.94,2.87
ECE,ECE 25 ,"Liu, Zhaowei",SP19,81,38,87.5,74.2,6.63,3.03,2.91
ECE,ECE 25 ,"Quest, Kevin B",FA13,200,73,97.2,94.4,7.4,3.26,2.68
ECE,ECE 25 ,"Quest, Kevin B",FA18,100,41,94.7,94.7,6.08,3.26,2.81
ECE,ECE 25 ,"Quest, Kevin B",SP15,45,17,100.0,84.6,5.73,3.38,2.45
ECE,ECE 25 ,"Quest, Kevin B",WI08,42,32,96.7,93.5,4.5,3.26,2.74
ECE,ECE 25 ,"Vasconcelos, Manuela",FA17,67,50,85.7,63.3,6.91,3.38,3.18
ECE,ECE 25 ,"Vasconcelos, Manuela",WI15,165,90,94.2,54.7,5.99,3.45,2.85
ECE,ECE 30 ,"Das, Pankaj K",FA08,61,52,72.5,79.6,5.3,3.25,2.96
ECE,ECE 30 ,"Eldon, John",SP17,99,33,79.3,82.8,8.22,3.04,3.0
ECE,ECE 30 ,"Eldon, John",WI18,70,25,59.1,90.5,5.98,3.14,3.22
ECE,ECE 30 ,"Guest, Clark C",FA08,61,52,72.5,79.6,5.3,3.25,2.96
ECE,ECE 30 ,"Guest, Clark C",FA09,30,17,88.2,94.1,4.26,3.31,2.75
ECE,ECE 30 ,"Guest, Clark C",FA10,56,25,62.5,87.5,5.33,3.48,2.85
ECE,ECE 30 ,"Guest, Clark C",FA11,69,36,57.1,65.7,7.87,3.26,2.42
ECE,ECE 30 ,"Guest, Clark C",FA12,93,27,87.0,69.6,9.2,3.57,2.39
ECE,ECE 30 ,"Guest, Clark C",FA13,88,31,84.6,69.2,6.42,3.27,2.42
ECE,ECE 30 ,"Lanckriet, Gert",SP08,76,59,72.4,70.7,4.64,3.34,2.33
ECE,ECE 30 ,"Lanckriet, Gert",SP09,69,53,75.5,86.8,5.72,3.31,2.44
ECE,ECE 30 ,"Lanckriet, Gert",SP10,85,37,70.3,89.2,6.23,3.29,2.28
ECE,ECE 30 ,"Lanckriet, Gert",SP11,73,37,78.4,89.2,11.96,3.25,2.72
ECE,ECE 30 ,"Lanckriet, Gert",SP12,134,57,87.5,100.0,12.36,3.25,2.77
ECE,ECE 30 ,"Lanckriet, Gert",SP13,124,40,92.3,97.4,11.32,3.51,2.86
ECE,ECE 30 ,"Lanckriet, Gert",SP14,174,65,93.4,95.1,10.93,3.2,2.7
ECE,ECE 30 ,"Lanckriet, Gert",SP15,292,76,83.3,91.65,11.215,3.32,3.03
ECE,ECE 30 ,"Mir Arabbaygi, Siavash",SP16,147,79,80.3,82.9,8.07,3.19,3.05
ECE,ECE 30 ,"Mir Arabbaygi, Siavash",SP18,142,102,82.7,91.8,8.42,3.31,3.15
ECE,ECE 30 ,"Mir Arabbaygi, Siavash",SP19,159,83,64.6,72.5,7.29,2.76,2.58
ECE,ECE 30 ,"Mir Arabbaygi, Siavash",WI16,59,18,82.4,94.1,7.75,3.47,2.56
ECE,ECE 30 ,"Mir Arabbaygi, Siavash",WI17,54,26,69.6,78.3,6.41,3.27,2.94
ECE,ECE 30 ,"Yun, Kenneth Yi",FA07,57,40,55.0,75.0,6.75,2.97,2.61
ECE,ECE 30 ,"Yun, Kenneth Yi",WI19,54,20,61.1,77.8,5.06,3.44,2.91
ECE,ECE 35 ,"Ford, Joseph Earl",FA16,191,90,81.0,89.3,8.48,2.88,2.56
ECE,ECE 35 ,"Ford, Joseph Earl",SP19,119,47,89.7,94.9,9.22,3.13,2.35
ECE,ECE 35 ,"Ford, Joseph Earl",WI08,56,27,81.5,88.5,6.72,3.12,2.48
ECE,ECE 35 ,"Ford, Joseph Earl",WI09,56,21,90.5,95.2,5.55,3.25,2.35
ECE,ECE 35 ,"Ford, Joseph Earl",WI10,90,40,92.3,94.7,8.35,3.23,2.36
ECE,ECE 35 ,"Ford, Joseph Earl",WI11,77,27,88.9,96.3,10.2,3.4,2.46
ECE,ECE 35 ,"Ford, Joseph Earl",WI13,57,22,90.9,68.2,8.5,3.09,2.65
ECE,ECE 35 ,"Ford, Joseph Earl",WI16,113,41,84.2,78.9,7.97,2.95,2.7
ECE,ECE 35 ,"Ford, Joseph Earl",WI18,109,51,87.8,93.9,8.42,3.19,2.62
ECE,ECE 35 ,"Galton, Ian A",FA13,269,120,77.7,35.7,10.54,2.61,2.36
ECE,ECE 35 ,"Galton, Ian A",FA14,182,68,74.2,41.9,10.21,2.72,2.09
ECE,ECE 35 ,"Papen, George C.",SP08,47,29,92.9,96.4,5.6,3.04,2.1
ECE,ECE 35 ,"Radic, Stojan",FA07,93,57,78.2,65.5,9.45,2.85,2.7
ECE,ECE 35 ,"Radic, Stojan",FA08,55,26,76.0,60.0,8.27,2.84,2.19
ECE,ECE 35 ,"Radic, Stojan",FA09,62,38,86.8,76.3,6.45,3.06,2.66
ECE,ECE 35 ,"Radic, Stojan",FA10,87,41,73.2,65.0,9.9,2.48,2.75
ECE,ECE 35 ,"Radic, Stojan",FA11,121,44,75.0,48.8,10.0,2.67,2.49
ECE,ECE 35 ,"Radic, Stojan",FA12,144,60,87.3,69.1,9.69,2.89,2.63
ECE,ECE 35 ,"Radic, Stojan",SP16,114,46,76.2,66.7,7.72,2.64,2.1
ECE,ECE 35 ,"Radic, Stojan",SP18,77,32,75.0,71.4,8.57,2.71,2.62
ECE,ECE 35 ,"Radic, Stojan",WI14,189,58,96.2,88.7,8.31,2.87,2.18
ECE,ECE 35 ,"Radic, Stojan",WI15,275,97,84.8,84.8,8.37,2.7,1.47
ECE,ECE 35 ,"Radic, Stojan",WI17,134,50,78.3,63.0,7.5,2.93,2.11
ECE,ECE 35 ,"Schurgers, Curt",FA17,229,151,90.05,95.85,9.88,3.16,2.59
ECE,ECE 35 ,"Schurgers, Curt",FA18,146,110,89.9,94.4,10.59,2.86,2.57
ECE,ECE 35 ,"Schurgers, Curt",WI19,127,81,85.9,97.4,9.47,3.08,2.45
ECE,ECE 35 ,"Taur, Yuan",FA15,184,66,88.3,88.3,8.0,2.93,2.32
ECE,ECE 35 ,"Taur, Yuan",FA18,122,43,84.6,71.1,7.9,2.9,2.43
ECE,ECE 35 ,"Taur, Yuan",SP15,210,79,84.7,81.9,7.14,3.0,2.41
ECE,ECE 35 ,"Taur, Yuan",SP17,198,63,88.3,91.7,8.08,3.14,2.44
ECE,ECE 35 ,"Taur, Yuan",WI12,192,81,89.9,91.1,7.23,3.19,2.63
ECE,ECE 35 ,"Taur, Yuan",WI13,127,47,86.7,77.8,6.31,3.12,2.53
ECE,ECE 35 ,"Xiang, Jie",FA15,100,51,93.6,93.6,10.28,2.87,2.46
ECE,ECE 35 ,"Xiang, Jie",SP09,82,29,71.4,64.3,7.33,3.07,2.24
ECE,ECE 35 ,"Xiang, Jie",SP10,68,24,79.2,20.8,8.5,2.7,2.44
ECE,ECE 35 ,"Xiang, Jie",SP11,69,32,90.6,61.3,9.69,3.1,2.54
ECE,ECE 35 ,"Xiang, Jie",SP12,100,81,90.1,66.3,9.44,3.04,2.65
ECE,ECE 35 ,"Xiang, Jie",SP13,146,57,91.2,78.9,8.5,2.92,2.63
ECE,ECE 35 ,"Xiang, Jie",SP14,342,102,88.3,88.3,10.04,3.17,2.6
ECE,ECE 35 ,"Xiang, Jie",SP15,171,59,92.9,96.4,10.39,2.89,2.57
ECE,ECE 45 ,"Alcantara, Eldridge Escubido",S316,23,22,100.0,100.0,7.59,3.18,2.32
ECE,ECE 45 ,"Franceschetti, Massimo",FA07,53,39,100.0,100.0,5.58,3.59,3.49
ECE,ECE 45 ,"Franceschetti, Massimo",FA08,38,27,100.0,100.0,4.43,3.31,3.41
ECE,ECE 45 ,"Franceschetti, Massimo",FA09,46,30,100.0,100.0,4.77,3.14,2.83
ECE,ECE 45 ,"Franceschetti, Massimo",FA11,54,32,93.8,90.6,8.06,3.45,2.78
ECE,ECE 45 ,"Franceschetti, Massimo",SP13,119,39,84.6,76.9,7.03,2.86,2.93
ECE,ECE 45 ,"Franceschetti, Massimo",SP14,127,57,92.7,69.1,8.98,2.83,2.54
ECE,ECE 45 ,"Franceschetti, Massimo",SP15,112,42,81.6,71.1,7.15,3.06,2.87
ECE,ECE 45 ,"Franceschetti, Massimo",SP16,105,24,76.2,66.7,8.0,2.86,3.02
ECE,ECE 45 ,"Franceschetti, Massimo",SP17,84,57,80.7,73.7,7.59,2.76,2.91
ECE,ECE 45 ,"Franceschetti, Massimo",SP18,64,17,100.0,81.3,7.91,3.59,2.65
ECE,ECE 45 ,"Franceschetti, Massimo",SP19,127,82,82.1,77.6,6.65,3.18,2.66
ECE,ECE 45 ,"Kim, Young-Han",FA10,53,22,95.2,85.7,8.79,2.91,2.91
ECE,ECE 45 ,"Lugannani, Robert",FA18,64,19,83.3,77.8,6.06,3.71,3.32
ECE,ECE 45 ,"Lugannani, Robert",SP08,57,30,96.7,100.0,5.33,3.3,2.86
ECE,ECE 45 ,"Lugannani, Robert",SP09,40,30,96.4,100.0,5.6,3.46,2.96
ECE,ECE 45 ,"Lugannani, Robert",SP10,76,31,93.5,77.4,7.17,3.29,2.41
ECE,ECE 45 ,"Lugannani, Robert",SP11,53,25,92.0,88.0,7.7,3.46,2.9
ECE,ECE 45 ,"Lugannani, Robert",WI08,73,49,95.9,95.9,6.21,3.29,2.83
ECE,ECE 45 ,"Lugannani, Robert",WI09,38,26,100.0,100.0,5.88,3.38,2.7
ECE,ECE 45 ,"Lugannani, Robert",WI10,62,23,95.5,100.0,5.59,3.36,2.73
ECE,ECE 45 ,"Lugannani, Robert",WI11,82,47,87.0,89.1,7.02,3.38,2.7
ECE,ECE 45 ,"Lugannani, Robert",WI12,80,26,96.0,92.3,7.27,3.48,2.85
ECE,ECE 45 ,"Lugannani, Robert",WI13,121,43,97.7,97.7,6.26,3.53,2.61
ECE,ECE 45 ,"Lugannani, Robert",WI14,190,56,100.0,96.2,6.34,3.47,3.25
ECE,ECE 45 ,"Lugannani, Robert",WI15,158,54,93.6,93.6,6.5,3.55,3.17
ECE,ECE 45 ,"Lugannani, Robert",WI16,281,100,84.2,86.3,7.48,3.13,2.55
ECE,ECE 45 ,"Lugannani, Robert",WI17,156,74,91.5,87.3,5.97,3.35,3.56
ECE,ECE 45 ,"Lugannani, Robert",WI18,232,101,93.5,84.1,6.61,3.57,3.59
ECE,ECE 45 ,"Shevchenko, Valentin I",S113,40,12,90.9,72.7,8.86,3.09,2.87
ECE,ECE 45 ,"Shevchenko, Valentin I",S114,56,15,100.0,85.7,10.21,3.43,3.31
ECE,ECE 45 ,"Shevchenko, Valentin I",S115,58,35,94.1,91.2,9.29,3.13,3.3
ECE,ECE 45 ,"Shevchenko, Valentin I",S117,36,18,100.0,81.3,8.37,3.29,3.44
ECE,ECE 45 ,"Shevchenko, Valentin I",S118,20,10,100.0,100.0,9.1,3.4,3.3
ECE,ECE 45 ,"Shevchenko, Valentin I",S119,29,18,88.9,88.9,7.61,3.39,3.46
ECE,ECE 45 ,"Zeger, Kenneth A.",FA12,106,46,84.1,61.4,6.21,2.83,2.18
ECE,ECE 45 ,"Zeger, Kenneth A.",FA13,86,29,92.9,71.4,6.43,3.0,2.31
ECE,ECE 45 ,"Zeger, Kenneth A.",FA14,159,48,90.9,88.6,7.45,3.26,2.26
ECE,ECE 45 ,"Zeger, Kenneth A.",FA15,179,79,88.2,89.5,7.3,2.97,2.31
ECE,ECE 45 ,"Zeger, Kenneth A.",FA16,91,37,91.7,100.0,6.85,3.26,2.37
ECE,ECE 45 ,"Zeger, Kenneth A.",FA17,96,26,87.5,95.8,7.58,3.21,2.43
ECE,ECE 45 ,"Zeger, Kenneth A.",WI19,162,64,77.4,75.4,7.53,2.79,2.71
ECE,ECE 5 ,"Eldon, John",FA18,180,101,100.0,94.7,6.62,3.69,3.66
ECE,ECE 5 ,"Eldon, John",SP18,99,29,89.3,92.6,6.57,3.81,3.63
ECE,ECE 5 ,"Eldon, John",SP19,68,19,93.3,93.3,5.57,3.87,3.52
ECE,ECE 5 ,"Eldon, John",WI18,113,42,100.0,97.0,4.71,3.9,3.85
ECE,ECE 5 ,"Eldon, John",WI19,112,37,93.3,100.0,5.5,3.73,3.55
ECE,ECE 5 ,"Gilja, Vikash",FA18,180,101,100.0,95.9,6.62,3.69,3.66
ECE,ECE 5 ,"Gilja, Vikash",SP19,68,19,93.3,93.3,5.57,3.87,3.52
ECE,ECE 5 ,"Gilja, Vikash",WI19,112,37,93.3,96.4,5.5,3.73,3.55
ECE,ECE 5 ,"Hall, Drew A.",FA18,180,101,100.0,98.7,6.62,3.69,3.66
ECE,ECE 5 ,"Hall, Drew A.",SP18,99,29,89.3,100.0,6.57,3.81,3.63
ECE,ECE 5 ,"Hall, Drew A.",WI18,113,42,100.0,93.8,4.71,3.9,3.85
ECE,ECE 5 ,"Morris, Karcher William",S218,50,30,100.0,100.0,6.29,3.9,3.94
ECE,ECE 5 ,"Morris, Karcher William",S219,37,22,100.0,100.0,8.59,3.82,3.86
ECE,ECE 5 ,"Nguyen, Truong Quang",FA18,179,101,100.0,94.9,6.62,3.69,3.66
ECE,ECE 5 ,"Nguyen, Truong Quang",SP18,99,31,90.0,96.6,6.5,3.76,3.63
ECE,ECE 5 ,"Nguyen, Truong Quang",SP19,68,19,93.3,100.0,5.57,3.87,3.52
ECE,ECE 5 ,"Nguyen, Truong Quang",WI18,113,42,100.0,100.0,4.71,3.9,3.85
ECE,ECE 5 ,"Nguyen, Truong Quang",WI19,110,37,93.3,100.0,5.5,3.73,3.55
ECE,ECE 53 ,"Cheng, Chung Kuan",FA07,37,25,44.0,56.0,5.3,3.08,3.41
ECE,ECE 53 ,"Cosman, Pamela C.",FA09,35,29,53.6,96.4,6.79,2.92,2.47
ECE,ECE 53 ,"Cosman, Pamela C.",WI09,30,21,81.0,90.5,5.83,2.95,2.8
ECE,ECE 53 ,"Mookherjea, Shayan",FA08,36,33,42.4,81.8,8.38,3.19,3.38
ECE,ECE 53 ,"Mookherjea, Shayan",WI10,25,15,53.3,80.0,6.23,3.08,3.27
ECE,ECE 53A ,"Cheng, Chung Kuan",FA07,37,25,44.0,56.0,5.3,3.08,3.41
ECE,ECE 65 ,"Baghdadchi, Saharnaz",FA18,68,53,96.2,100.0,7.86,3.42,3.01
ECE,ECE 65 ,"Baghdadchi, Saharnaz",SP18,127,85,84.5,91.7,8.01,3.19,3.11
ECE,ECE 65 ,"Baghdadchi, Saharnaz",SP19,158,130,88.0,91.9,7.29,2.97,2.52
ECE,ECE 65 ,"Baghdadchi, Saharnaz",WI18,117,96,85.4,81.3,7.06,3.26,2.73
ECE,ECE 65 ,"Baghdadchi, Saharnaz",WI19,138,96,92.6,97.8,7.5,3.33,2.74
ECE,ECE 65 ,"Bott-Suzuki, Simon Charles",SP15,240,76,90.4,82.2,6.53,3.59,3.08
ECE,ECE 65 ,"Bott-Suzuki, Simon Charles",WI14,243,87,91.7,89.3,7.06,3.31,2.75
ECE,ECE 65 ,"Bott-Suzuki, Simon Charles",WI15,283,86,95.1,80.2,6.88,3.59,2.62
ECE,ECE 65 ,"Coles, William A.",FA08,20,10,80.0,60.0,8.7,3.0,2.6
ECE,ECE 65 ,"Najmabadi, Farrokh",FA09,50,27,100.0,96.2,7.3,3.27,2.16
ECE,ECE 65 ,"Najmabadi, Farrokh",SP10,113,55,83.6,54.5,7.17,2.98,2.3
ECE,ECE 65 ,"Najmabadi, Farrokh",WI08,79,46,97.8,91.3,7.5,3.42,2.05
ECE,ECE 65 ,"Najmabadi, Farrokh",WI09,39,16,100.0,100.0,6.5,3.19,2.38
ECE,ECE 65 ,"Najmabadi, Farrokh",WI12,109,50,93.9,85.7,8.17,3.23,2.67
ECE,ECE 65 ,"Najmabadi, Farrokh",WI13,176,63,92.9,93.9,8.26,3.385,2.61
ECE,ECE 65 ,"Sievenpiper, Daniel F.",FA10,60,31,90.3,74.2,7.73,3.29,2.66
ECE,ECE 65 ,"Sievenpiper, Daniel F.",SP12,141,121,94.2,77.7,9.52,2.95,2.4
ECE,ECE 65 ,"Sievenpiper, Daniel F.",SP14,240,181,91.2,63.5,8.11,2.97,2.39
ECE,ECE 65 ,"Sievenpiper, Daniel F.",SP16,156,46,89.1,80.4,6.86,3.09,2.69
ECE,ECE 65 ,"Taur, Yuan",FA07,37,19,77.8,72.2,8.18,3.32,2.77
ECE,ECE 65 ,"Taur, Yuan",FA17,104,27,73.9,82.6,8.23,2.78,2.47
ECE,ECE 65 ,"Taur, Yuan",S116,36,4,100.0,100.0,8.0,2.67,2.79
ECE,ECE 65 ,"Taur, Yuan",S117,25,8,100.0,100.0,10.0,3.25,2.46
ECE,ECE 65 ,"Taur, Yuan",S118,25,5,100.0,80.0,6.5,4.0,2.79
ECE,ECE 65 ,"Taur, Yuan",SP09,47,17,100.0,100.0,7.79,3.67,3.06
ECE,ECE 65 ,"Taur, Yuan",SP11,127,59,98.3,84.7,7.33,3.5,2.94
ECE,ECE 65 ,"Taur, Yuan",SP13,190,59,86.4,96.6,7.27,3.23,2.63
ECE,ECE 65 ,"Taur, Yuan",WI16,338,127,94.4,81.5,7.6,3.15,2.51
ECE,ECE 65 ,"Yun, Kenneth Yi",SP08,60,25,84.0,84.0,7.14,3.04,2.63
ECE,ECE 80 ,"Lee, Sing H.",SP08,46,19,100.0,94.7,2.5,3.53,3.01
ECE,ECE 80 ,"Lee, Sing H.",WI09,29,12,66.7,91.7,3.67,3.3,3.35
ECE,ECE 80 ,"Lee, Sing H.",WI10,36,12,75.0,83.3,2.5,3.25,3.25
ECE,ECE 85 ,"Papen, George C.",WI13,29,15,73.3,93.3,2.77,3.6,3.48
ECE,ECE 85 ,"Papen, George C.",WI14,15,12,83.3,91.7,3.95,3.33,3.34
